query,name,region,country,lat,lon,tz_id,localtime_epoch,localtime,last_updated_epoch,last_updated,temp_c,temp_f,is_day,condition,wind_mph,wind_kph,wind_degree,wind_dir,pressure_mb,pressure_in,precip_mm,precip_in,humidity,cloud,feelslike_c,feelslike_f,vis_km,vis_miles,uv,gust_mph,gust_kph,date,day,maxtemp_c,mintemp_c,avgtemp_c,maxwind_kph,totalprecip_mm,avgvis_km,avghumidity,daily_will_it_rain,daily_chance_of_rain,daily_will_it_snow,daily_chance_of_snow,condition_text,condition_icon,condition_code
"BELEM, PARA, BRAZIL",Belem,Para,Brazil,-1.45,-48.48,America/Belem,1703801630,2023-12-28 19:13,1703800800,2023-12-28 19:00,25.0,77.0,0,"{'text': 'Patchy light rain with thunder', 'icon': '//cdn.weatherapi.com/weather/64x64/night/386.png', 'code': 1273}",11.9,19.1,80,E,1010.0,29.83,0.04,0.0,94,75,28.0,82.4,3.0,1.0,1.0,16.3,26.3,2023-12-28,"{'maxtemp_c': 30.7, 'maxtemp_f': 87.3, 'mintemp_c': 23.9, 'mintemp_f': 75.0, 'avgtemp_c': 26.3, 'avgtemp_f': 79.3, 'maxwind_mph': 6.5, 'maxwind_kph': 10.4, 'totalprecip_mm': 6.58, 'totalprecip_in': 0.26, 'totalsnow_cm': 0.0, 'avgvis_km': 7.3, 'avgvis_miles': 4.0, 'avghumidity': 86.0, 'daily_will_it_rain': 1, 'daily_chance_of_rain': 89, 'daily_will_it_snow': 0, 'daily_chance_of_snow': 0, 'condition': {'text': 'Moderate rain', 'icon': '//cdn.weatherapi.com/weather/64x64/day/302.png', 'code': 1189}, 'uv': 6.0}",30.7,23.9,26.3,10.4,6.58,7.3,86.0,1,89,0,0,Moderate rain,//cdn.weatherapi.com/weather/64x64/day/302.png,1189
"BELEM, PARA, BRAZIL",Belem,Para,Brazil,-1.45,-48.48,America/Belem,1703801630,2023-12-28 19:13,1703800800,2023-12-28 19:00,25.0,77.0,0,"{'text': 'Patchy light rain with thunder', 'icon': '//cdn.weatherapi.com/weather/64x64/night/386.png', 'code': 1273}",11.9,19.1,80,E,1010.0,29.83,0.04,0.0,94,75,28.0,82.4,3.0,1.0,1.0,16.3,26.3,2023-12-29,"{'maxtemp_c': 31.3, 'maxtemp_f': 88.3, 'mintemp_c': 23.9, 'mintemp_f': 75.1, 'avgtemp_c': 26.6, 'avgtemp_f': 79.8, 'maxwind_mph': 7.4, 'maxwind_kph': 11.9, 'totalprecip_mm': 5.23, 'totalprecip_in': 0.21, 'totalsnow_cm': 0.0, 'avgvis_km': 7.5, 'avgvis_miles': 4.0, 'avghumidity': 86.0, 'daily_will_it_rain': 1, 'daily_chance_of_rain': 89, 'daily_will_it_snow': 0, 'daily_chance_of_snow': 0, 'condition': {'text': 'Moderate rain', 'icon': '//cdn.weatherapi.com/weather/64x64/day/302.png', 'code': 1189}, 'uv': 6.0}",31.3,23.9,26.6,11.9,5.23,7.5,86.0,1,89,0,0,Moderate rain,//cdn.weatherapi.com/weather/64x64/day/302.png,1189
"BELEM, PARA, BRAZIL",Belem,Para,Brazil,-1.45,-48.48,America/Belem,1703801630,2023-12-28 19:13,1703800800,2023-12-28 19:00,25.0,77.0,0,"{'text': 'Patchy light rain with thunder', 'icon': '//cdn.weatherapi.com/weather/64x64/night/386.png', 'code': 1273}",11.9,19.1,80,E,1010.0,29.83,0.04,0.0,94,75,28.0,82.4,3.0,1.0,1.0,16.3,26.3,2023-12-30,"{'maxtemp_c': 31.1, 'maxtemp_f': 88.0, 'mintemp_c': 24.0, 'mintemp_f': 75.2, 'avgtemp_c': 26.9, 'avgtemp_f': 80.4, 'maxwind_mph': 9.6, 'maxwind_kph': 15.5, 'totalprecip_mm': 3.52, 'totalprecip_in': 0.14, 'totalsnow_cm': 0.0, 'avgvis_km': 8.0, 'avgvis_miles': 4.0, 'avghumidity': 84.0, 'daily_will_it_rain': 1, 'daily_chance_of_rain': 87, 'daily_will_it_snow': 0, 'daily_chance_of_snow': 0, 'condition': {'text': 'Patchy rain possible', 'icon': '//cdn.weatherapi.com/weather/64x64/day/176.png', 'code': 1063}, 'uv': 6.0}",31.1,24.0,26.9,15.5,3.52,8.0,84.0,1,87,0,0,Patchy rain possible,//cdn.weatherapi.com/weather/64x64/day/176.png,1063
"PORTO VELHO, RONDÔNIA, BRAZIL",Porto Velho,Bahia,Brazil,-13.6,-41.08,America/Bahia,1703801636,2023-12-28 19:13,1703800800,2023-12-28 19:00,27.8,82.0,0,"{'text': 'Clear', 'icon': '//cdn.weatherapi.com/weather/64x64/night/113.png', 'code': 1000}",5.4,8.6,92,E,1012.0,29.89,0.0,0.0,47,10,28.2,82.8,10.0,6.0,1.0,8.9,14.4,2023-12-28,"{'maxtemp_c': 35.2, 'maxtemp_f': 95.4, 'mintemp_c': 19.8, 'mintemp_f': 67.6, 'avgtemp_c': 27.1, 'avgtemp_f': 80.8, 'maxwind_mph': 6.0, 'maxwind_kph': 9.7, 'totalprecip_mm': 0.01, 'totalprecip_in': 0.0, 'totalsnow_cm': 0.0, 'avgvis_km': 10.0, 'avgvis_miles': 6.0, 'avghumidity': 57.0, 'daily_will_it_rain': 0, 'daily_chance_of_rain': 0, 'daily_will_it_snow': 0, 'daily_chance_of_snow': 0, 'condition': {'text': 'Sunny', 'icon': '//cdn.weatherapi.com/weather/64x64/day/113.png', 'code': 1000}, 'uv': 7.0}",35.2,19.8,27.1,9.7,0.01,10.0,57.0,0,0,0,0,Sunny,//cdn.weatherapi.com/weather/64x64/day/113.png,1000
"PORTO VELHO, RONDÔNIA, BRAZIL",Porto Velho,Bahia,Brazil,-13.6,-41.08,America/Bahia,1703801636,2023-12-28 19:13,1703800800,2023-12-28 19:00,27.8,82.0,0,"{'text': 'Clear', 'icon': '//cdn.weatherapi.com/weather/64x64/night/113.png', 'code': 1000}",5.4,8.6,92,E,1012.0,29.89,0.0,0.0,47,10,28.2,82.8,10.0,6.0,1.0,8.9,14.4,2023-12-29,"{'maxtemp_c': 35.0, 'maxtemp_f': 95.0, 'mintemp_c': 20.0, 'mintemp_f': 68.0, 'avgtemp_c': 26.9, 'avgtemp_f': 80.5, 'maxwind_mph': 6.7, 'maxwind_kph': 10.8, 'totalprecip_mm': 0.0, 'totalprecip_in': 0.0, 'totalsnow_cm': 0.0, 'avgvis_km': 10.0, 'avgvis_miles': 6.0, 'avghumidity': 54.0, 'daily_will_it_rain': 0, 'daily_chance_of_rain': 0, 'daily_will_it_snow': 0, 'daily_chance_of_snow': 0, 'condition': {'text': 'Sunny', 'icon': '//cdn.weatherapi.com/weather/64x64/day/113.png', 'code': 1000}, 'uv': 7.0}",35.0,20.0,26.9,10.8,0.0,10.0,54.0,0,0,0,0,Sunny,//cdn.weatherapi.com/weather/64x64/day/113.png,1000
"PORTO VELHO, RONDÔNIA, BRAZIL",Porto Velho,Bahia,Brazil,-13.6,-41.08,America/Bahia,1703801636,2023-12-28 19:13,1703800800,2023-12-28 19:00,27.8,82.0,0,"{'text': 'Clear', 'icon': '//cdn.weatherapi.com/weather/64x64/night/113.png', 'code': 1000}",5.4,8.6,92,E,1012.0,29.89,0.0,0.0,47,10,28.2,82.8,10.0,6.0,1.0,8.9,14.4,2023-12-30,"{'maxtemp_c': 37.4, 'maxtemp_f': 99.4, 'mintemp_c': 19.8, 'mintemp_f': 67.7, 'avgtemp_c': 27.5, 'avgtemp_f': 81.6, 'maxwind_mph': 7.6, 'maxwind_kph': 12.2, 'totalprecip_mm': 0.42, 'totalprecip_in': 0.02, 'totalsnow_cm': 0.0, 'avgvis_km': 10.0, 'avgvis_miles': 6.0, 'avghumidity': 56.0, 'daily_will_it_rain': 0, 'daily_chance_of_rain': 69, 'daily_will_it_snow': 0, 'daily_chance_of_snow': 0, 'condition': {'text': 'Patchy rain possible', 'icon': '//cdn.weatherapi.com/weather/64x64/day/176.png', 'code': 1063}, 'uv': 6.0}",37.4,19.8,27.5,12.2,0.42,10.0,56.0,0,69,0,0,Patchy rain possible,//cdn.weatherapi.com/weather/64x64/day/176.png,1063
"TERESINA, PIAUI, BRAZIL",Teresina,Piaui,Brazil,-5.08,-42.82,America/Fortaleza,1703801633,2023-12-28 19:13,1703800800,2023-12-28 19:00,31.0,87.8,0,"{'text': 'Partly cloudy', 'icon': '//cdn.weatherapi.com/weather/64x64/night/116.png', 'code': 1003}",4.3,6.8,210,SSW,1007.0,29.74,0.0,0.0,66,75,36.6,97.9,10.0,6.0,1.0,5.2,8.3,2023-12-28,"{'maxtemp_c': 37.4, 'maxtemp_f': 99.4, 'mintemp_c': 23.8, 'mintemp_f': 74.8, 'avgtemp_c': 29.2, 'avgtemp_f': 84.6, 'maxwind_mph': 6.7, 'maxwind_kph': 10.8, 'totalprecip_mm': 2.95, 'totalprecip_in': 0.12, 'totalsnow_cm': 0.0, 'avgvis_km': 8.9, 'avgvis_miles': 5.0, 'avghumidity': 68.0, 'daily_will_it_rain': 1, 'daily_chance_of_rain': 88, 'daily_will_it_snow': 0, 'daily_chance_of_snow': 0, 'condition': {'text': 'Patchy rain possible', 'icon': '//cdn.weatherapi.com/weather/64x64/day/176.png', 'code': 1063}, 'uv': 6.0}",37.4,23.8,29.2,10.8,2.95,8.9,68.0,1,88,0,0,Patchy rain possible,//cdn.weatherapi.com/weather/64x64/day/176.png,1063
"TERESINA, PIAUI, BRAZIL",Teresina,Piaui,Brazil,-5.08,-42.82,America/Fortaleza,1703801633,2023-12-28 19:13,1703800800,2023-12-28 19:00,31.0,87.8,0,"{'text': 'Partly cloudy', 'icon': '//cdn.weatherapi.com/weather/64x64/night/116.png', 'code': 1003}",4.3,6.8,210,SSW,1007.0,29.74,0.0,0.0,66,75,36.6,97.9,10.0,6.0,1.0,5.2,8.3,2023-12-29,"{'maxtemp_c': 36.9, 'maxtemp_f': 98.4, 'mintemp_c': 23.4, 'mintemp_f': 74.1, 'avgtemp_c': 28.7, 'avgtemp_f': 83.6, 'maxwind_mph': 6.9, 'maxwind_kph': 11.2, 'totalprecip_mm': 11.79, 'totalprecip_in': 0.46, 'totalsnow_cm': 0.0, 'avgvis_km': 9.2, 'avgvis_miles': 5.0, 'avghumidity': 69.0, 'daily_will_it_rain': 1, 'daily_chance_of_rain': 90, 'daily_will_it_snow': 0, 'daily_chance_of_snow': 0, 'condition': {'text': 'Moderate rain', 'icon': '//cdn.weatherapi.com/weather/64x64/day/302.png', 'code': 1189}, 'uv': 6.0}",36.9,23.4,28.7,11.2,11.79,9.2,69.0,1,90,0,0,Moderate rain,//cdn.weatherapi.com/weather/64x64/day/302.png,1189
"TERESINA, PIAUI, BRAZIL",Teresina,Piaui,Brazil,-5.08,-42.82,America/Fortaleza,1703801633,2023-12-28 19:13,1703800800,2023-12-28 19:00,31.0,87.8,0,"{'text': 'Partly cloudy', 'icon': '//cdn.weatherapi.com/weather/64x64/night/116.png', 'code': 1003}",4.3,6.8,210,SSW,1007.0,29.74,0.0,0.0,66,75,36.6,97.9,10.0,6.0,1.0,5.2,8.3,2023-12-30,"{'maxtemp_c': 37.3, 'maxtemp_f': 99.2, 'mintemp_c': 23.6, 'mintemp_f': 74.5, 'avgtemp_c': 28.5, 'avgtemp_f': 83.3, 'maxwind_mph': 6.3, 'maxwind_kph': 10.1, 'totalprecip_mm': 1.01, 'totalprecip_in': 0.04, 'totalsnow_cm': 0.0, 'avgvis_km': 9.8, 'avgvis_miles': 6.0, 'avghumidity': 70.0, 'daily_will_it_rain': 1, 'daily_chance_of_rain': 88, 'daily_will_it_snow': 0, 'daily_chance_of_snow': 0, 'condition': {'text': 'Patchy rain possible', 'icon': '//cdn.weatherapi.com/weather/64x64/day/176.png', 'code': 1063}, 'uv': 6.0}",37.3,23.6,28.5,10.1,1.01,9.8,70.0,1,88,0,0,Patchy rain possible,//cdn.weatherapi.com/weather/64x64/day/176.png,1063
"GOIÂNIA, GOIAS, BRAZIL",Goias,Goias,Brazil,-15.93,-50.13,America/Sao_Paulo,1703801625,2023-12-28 19:13,1703800800,2023-12-28 19:00,26.9,80.4,0,"{'text': 'Partly cloudy', 'icon': '//cdn.weatherapi.com/weather/64x64/night/116.png', 'code': 1003}",9.4,15.1,99,E,1009.0,29.81,0.0,0.0,67,29,28.7,83.7,10.0,6.0,1.0,15.3,24.6,2023-12-28,"{'maxtemp_c': 36.5, 'maxtemp_f': 97.6, 'mintemp_c': 20.9, 'mintemp_f': 69.7, 'avgtemp_c': 27.4, 'avgtemp_f': 81.3, 'maxwind_mph': 9.4, 'maxwind_kph': 15.1, 'totalprecip_mm': 0.0, 'totalprecip_in': 0.0, 'totalsnow_cm': 0.0, 'avgvis_km': 10.0, 'avgvis_miles': 6.0, 'avghumidity': 59.0, 'daily_will_it_rain': 0, 'daily_chance_of_rain': 0, 'daily_will_it_snow': 0, 'daily_chance_of_snow': 0, 'condition': {'text': 'Sunny', 'icon': '//cdn.weatherapi.com/weather/64x64/day/113.png', 'code': 1000}, 'uv': 7.0}",36.5,20.9,27.4,15.1,0.0,10.0,59.0,0,0,0,0,Sunny,//cdn.weatherapi.com/weather/64x64/day/113.png,1000
"GOIÂNIA, GOIAS, BRAZIL",Goias,Goias,Brazil,-15.93,-50.13,America/Sao_Paulo,1703801625,2023-12-28 19:13,1703800800,2023-12-28 19:00,26.9,80.4,0,"{'text': 'Partly cloudy', 'icon': '//cdn.weatherapi.com/weather/64x64/night/116.png', 'code': 1003}",9.4,15.1,99,E,1009.0,29.81,0.0,0.0,67,29,28.7,83.7,10.0,6.0,1.0,15.3,24.6,2023-12-29,"{'maxtemp_c': 34.8, 'maxtemp_f': 94.6, 'mintemp_c': 21.9, 'mintemp_f': 71.5, 'avgtemp_c': 26.3, 'avgtemp_f': 79.3, 'maxwind_mph': 13.6, 'maxwind_kph': 22.0, 'totalprecip_mm': 6.68, 'totalprecip_in': 0.26, 'totalsnow_cm': 0.0, 'avgvis_km': 9.7, 'avgvis_miles': 6.0, 'avghumidity': 69.0, 'daily_will_it_rain': 1, 'daily_chance_of_rain': 82, 'daily_will_it_snow': 0, 'daily_chance_of_snow': 0, 'condition': {'text': 'Moderate rain', 'icon': '//cdn.weatherapi.com/weather/64x64/day/302.png', 'code': 1189}, 'uv': 6.0}",34.8,21.9,26.3,22.0,6.68,9.7,69.0,1,82,0,0,Moderate rain,//cdn.weatherapi.com/weather/64x64/day/302.png,1189
"GOIÂNIA, GOIAS, BRAZIL",Goias,Goias,Brazil,-15.93,-50.13,America/Sao_Paulo,1703801625,2023-12-28 19:13,1703800800,2023-12-28 19:00,26.9,80.4,0,"{'text': 'Partly cloudy', 'icon': '//cdn.weatherapi.com/weather/64x64/night/116.png', 'code': 1003}",9.4,15.1,99,E,1009.0,29.81,0.0,0.0,67,29,28.7,83.7,10.0,6.0,1.0,15.3,24.6,2023-12-30,"{'maxtemp_c': 35.0, 'maxtemp_f': 95.1, 'mintemp_c': 21.7, 'mintemp_f': 71.1, 'avgtemp_c': 26.8, 'avgtemp_f': 80.3, 'maxwind_mph': 10.3, 'maxwind_kph': 16.6, 'totalprecip_mm': 8.87, 'totalprecip_in': 0.35, 'totalsnow_cm': 0.0, 'avgvis_km': 8.8, 'avgvis_miles': 5.0, 'avghumidity': 73.0, 'daily_will_it_rain': 1, 'daily_chance_of_rain': 83, 'daily_will_it_snow': 0, 'daily_chance_of_snow': 0, 'condition': {'text': 'Moderate rain', 'icon': '//cdn.weatherapi.com/weather/64x64/day/302.png', 'code': 1189}, 'uv': 6.0}",35.0,21.7,26.8,16.6,8.87,8.8,73.0,1,83,0,0,Moderate rain,//cdn.weatherapi.com/weather/64x64/day/302.png,1189
"RECIFE, PERNAMBUCO, BRAZIL",Recife,Pernambuco,Brazil,-8.05,-34.9,America/Recife,1703801632,2023-12-28 19:13,1703800800,2023-12-28 19:00,28.0,82.4,0,"{'text': 'Partly cloudy', 'icon': '//cdn.weatherapi.com/weather/64x64/night/116.png', 'code': 1003}",8.1,13.0,130,SE,1012.0,29.88,0.01,0.0,70,50,30.4,86.8,10.0,6.0,1.0,11.1,17.8,2023-12-28,"{'maxtemp_c': 29.4, 'maxtemp_f': 84.8, 'mintemp_c': 25.8, 'mintemp_f': 78.4, 'avgtemp_c': 27.3, 'avgtemp_f': 81.1, 'maxwind_mph': 11.0, 'maxwind_kph': 17.6, 'totalprecip_mm': 0.59, 'totalprecip_in': 0.02, 'totalsnow_cm': 0.0, 'avgvis_km': 10.0, 'avgvis_miles': 6.0, 'avghumidity': 68.0, 'daily_will_it_rain': 1, 'daily_chance_of_rain': 88, 'daily_will_it_snow': 0, 'daily_chance_of_snow': 0, 'condition': {'text': 'Patchy rain possible', 'icon': '//cdn.weatherapi.com/weather/64x64/day/176.png', 'code': 1063}, 'uv': 6.0}",29.4,25.8,27.3,17.6,0.59,10.0,68.0,1,88,0,0,Patchy rain possible,//cdn.weatherapi.com/weather/64x64/day/176.png,1063
"RECIFE, PERNAMBUCO, BRAZIL",Recife,Pernambuco,Brazil,-8.05,-34.9,America/Recife,1703801632,2023-12-28 19:13,1703800800,2023-12-28 19:00,28.0,82.4,0,"{'text': 'Partly cloudy', 'icon': '//cdn.weatherapi.com/weather/64x64/night/116.png', 'code': 1003}",8.1,13.0,130,SE,1012.0,29.88,0.01,0.0,70,50,30.4,86.8,10.0,6.0,1.0,11.1,17.8,2023-12-29,"{'maxtemp_c': 29.2, 'maxtemp_f': 84.6, 'mintemp_c': 25.4, 'mintemp_f': 77.7, 'avgtemp_c': 27.1, 'avgtemp_f': 80.8, 'maxwind_mph': 11.9, 'maxwind_kph': 19.1, 'totalprecip_mm': 0.23, 'totalprecip_in': 0.01, 'totalsnow_cm': 0.0, 'avgvis_km': 10.0, 'avgvis_miles': 6.0, 'avghumidity': 67.0, 'daily_will_it_rain': 1, 'daily_chance_of_rain': 89, 'daily_will_it_snow': 0, 'daily_chance_of_snow': 0, 'condition': {'text': 'Patchy rain possible', 'icon': '//cdn.weatherapi.com/weather/64x64/day/176.png', 'code': 1063}, 'uv': 6.0}",29.2,25.4,27.1,19.1,0.23,10.0,67.0,1,89,0,0,Patchy rain possible,//cdn.weatherapi.com/weather/64x64/day/176.png,1063
"RECIFE, PERNAMBUCO, BRAZIL",Recife,Pernambuco,Brazil,-8.05,-34.9,America/Recife,1703801632,2023-12-28 19:13,1703800800,2023-12-28 19:00,28.0,82.4,0,"{'text': 'Partly cloudy', 'icon': '//cdn.weatherapi.com/weather/64x64/night/116.png', 'code': 1003}",8.1,13.0,130,SE,1012.0,29.88,0.01,0.0,70,50,30.4,86.8,10.0,6.0,1.0,11.1,17.8,2023-12-30,"{'maxtemp_c': 30.3, 'maxtemp_f': 86.5, 'mintemp_c': 24.8, 'mintemp_f': 76.6, 'avgtemp_c': 27.2, 'avgtemp_f': 80.9, 'maxwind_mph': 13.2, 'maxwind_kph': 21.2, 'totalprecip_mm': 0.21, 'totalprecip_in': 0.01, 'totalsnow_cm': 0.0, 'avgvis_km': 10.0, 'avgvis_miles': 6.0, 'avghumidity': 69.0, 'daily_will_it_rain': 1, 'daily_chance_of_rain': 79, 'daily_will_it_snow': 0, 'daily_chance_of_snow': 0, 'condition': {'text': 'Patchy rain possible', 'icon': '//cdn.weatherapi.com/weather/64x64/day/176.png', 'code': 1063}, 'uv': 6.0}",30.3,24.8,27.2,21.2,0.21,10.0,69.0,1,79,0,0,Patchy rain possible,//cdn.weatherapi.com/weather/64x64/day/176.png,1063
"RIO BRANCO, ACRE, BRAZIL",Rio Branco,Acre,Brazil,-9.97,-67.8,America/Rio_Branco,1703801633,2023-12-28 17:13,1703800800,2023-12-28 17:00,25.0,77.0,1,"{'text': 'Moderate or heavy rain with thunder', 'icon': '//cdn.weatherapi.com/weather/64x64/day/389.png', 'code': 1276}",12.5,20.2,360,N,1010.0,29.83,0.19,0.01,94,75,26.2,79.1,0.8,0.0,7.0,17.0,27.4,2023-12-28,"{'maxtemp_c': 36.7, 'maxtemp_f': 98.1, 'mintemp_c': 22.9, 'mintemp_f': 73.2, 'avgtemp_c': 27.9, 'avgtemp_f': 82.3, 'maxwind_mph': 8.3, 'maxwind_kph': 13.3, 'totalprecip_mm': 1.48, 'totalprecip_in': 0.06, 'totalsnow_cm': 0.0, 'avgvis_km': 9.6, 'avgvis_miles': 5.0, 'avghumidity': 72.0, 'daily_will_it_rain': 1, 'daily_chance_of_rain': 88, 'daily_will_it_snow': 0, 'daily_chance_of_snow': 0, 'condition': {'text': 'Patchy rain possible', 'icon': '//cdn.weatherapi.com/weather/64x64/day/176.png', 'code': 1063}, 'uv': 6.0}",36.7,22.9,27.9,13.3,1.48,9.6,72.0,1,88,0,0,Patchy rain possible,//cdn.weatherapi.com/weather/64x64/day/176.png,1063
"RIO BRANCO, ACRE, BRAZIL",Rio Branco,Acre,Brazil,-9.97,-67.8,America/Rio_Branco,1703801633,2023-12-28 17:13,1703800800,2023-12-28 17:00,25.0,77.0,1,"{'text': 'Moderate or heavy rain with thunder', 'icon': '//cdn.weatherapi.com/weather/64x64/day/389.png', 'code': 1276}",12.5,20.2,360,N,1010.0,29.83,0.19,0.01,94,75,26.2,79.1,0.8,0.0,7.0,17.0,27.4,2023-12-29,"{'maxtemp_c': 32.3, 'maxtemp_f': 90.2, 'mintemp_c': 22.3, 'mintemp_f': 72.1, 'avgtemp_c': 26.2, 'avgtemp_f': 79.2, 'maxwind_mph': 9.8, 'maxwind_kph': 15.8, 'totalprecip_mm': 4.64, 'totalprecip_in': 0.18, 'totalsnow_cm': 0.0, 'avgvis_km': 8.2, 'avgvis_miles': 5.0, 'avghumidity': 79.0, 'daily_will_it_rain': 1, 'daily_chance_of_rain': 88, 'daily_will_it_snow': 0, 'daily_chance_of_snow': 0, 'condition': {'text': 'Patchy rain possible', 'icon': '//cdn.weatherapi.com/weather/64x64/day/176.png', 'code': 1063}, 'uv': 6.0}",32.3,22.3,26.2,15.8,4.64,8.2,79.0,1,88,0,0,Patchy rain possible,//cdn.weatherapi.com/weather/64x64/day/176.png,1063
"RIO BRANCO, ACRE, BRAZIL",Rio Branco,Acre,Brazil,-9.97,-67.8,America/Rio_Branco,1703801633,2023-12-28 17:13,1703800800,2023-12-28 17:00,25.0,77.0,1,"{'text': 'Moderate or heavy rain with thunder', 'icon': '//cdn.weatherapi.com/weather/64x64/day/389.png', 'code': 1276}",12.5,20.2,360,N,1010.0,29.83,0.19,0.01,94,75,26.2,79.1,0.8,0.0,7.0,17.0,27.4,2023-12-30,"{'maxtemp_c': 35.8, 'maxtemp_f': 96.4, 'mintemp_c': 22.1, 'mintemp_f': 71.7, 'avgtemp_c': 26.6, 'avgtemp_f': 80.0, 'maxwind_mph': 5.6, 'maxwind_kph': 9.0, 'totalprecip_mm': 2.78, 'totalprecip_in': 0.11, 'totalsnow_cm': 0.0, 'avgvis_km': 9.5, 'avgvis_miles': 5.0, 'avghumidity': 75.0, 'daily_will_it_rain': 1, 'daily_chance_of_rain': 82, 'daily_will_it_snow': 0, 'daily_chance_of_snow': 0, 'condition': {'text': 'Patchy rain possible', 'icon': '//cdn.weatherapi.com/weather/64x64/day/176.png', 'code': 1063}, 'uv': 6.0}",35.8,22.1,26.6,9.0,2.78,9.5,75.0,1,82,0,0,Patchy rain possible,//cdn.weatherapi.com/weather/64x64/day/176.png,1063
"PORTO ALEGRE, RIO GRANDE DO SUL, BRAZIL",Porto Alegre,Rio Grande do Sul,Brazil,-30.03,-51.2,America/Sao_Paulo,1703801636,2023-12-28 19:13,1703800800,2023-12-28 19:00,35.0,95.0,1,"{'text': 'Sunny', 'icon': '//cdn.weatherapi.com/weather/64x64/day/113.png', 'code': 1000}",6.9,11.2,230,SW,1005.0,29.68,0.0,0.0,44,0,42.6,108.6,10.0,6.0,7.0,7.0,11.3,2023-12-28,"{'maxtemp_c': 34.9, 'maxtemp_f': 94.8, 'mintemp_c': 17.8, 'mintemp_f': 64.1, 'avgtemp_c': 26.4, 'avgtemp_f': 79.5, 'maxwind_mph': 9.2, 'maxwind_kph': 14.8, 'totalprecip_mm': 0.0, 'totalprecip_in': 0.0, 'totalsnow_cm': 0.0, 'avgvis_km': 10.0, 'avgvis_miles': 6.0, 'avghumidity': 54.0, 'daily_will_it_rain': 0, 'daily_chance_of_rain': 0, 'daily_will_it_snow': 0, 'daily_chance_of_snow': 0, 'condition': {'text': 'Sunny', 'icon': '//cdn.weatherapi.com/weather/64x64/day/113.png', 'code': 1000}, 'uv': 7.0}",34.9,17.8,26.4,14.8,0.0,10.0,54.0,0,0,0,0,Sunny,//cdn.weatherapi.com/weather/64x64/day/113.png,1000
"PORTO ALEGRE, RIO GRANDE DO SUL, BRAZIL",Porto Alegre,Rio Grande do Sul,Brazil,-30.03,-51.2,America/Sao_Paulo,1703801636,2023-12-28 19:13,1703800800,2023-12-28 19:00,35.0,95.0,1,"{'text': 'Sunny', 'icon': '//cdn.weatherapi.com/weather/64x64/day/113.png', 'code': 1000}",6.9,11.2,230,SW,1005.0,29.68,0.0,0.0,44,0,42.6,108.6,10.0,6.0,7.0,7.0,11.3,2023-12-29,"{'maxtemp_c': 23.9, 'maxtemp_f': 75.1, 'mintemp_c': 20.6, 'mintemp_f': 69.1, 'avgtemp_c': 22.3, 'avgtemp_f': 72.1, 'maxwind_mph': 14.1, 'maxwind_kph': 22.7, 'totalprecip_mm': 35.05, 'totalprecip_in': 1.38, 'totalsnow_cm': 0.0, 'avgvis_km': 9.7, 'avgvis_miles': 6.0, 'avghumidity': 85.0, 'daily_will_it_rain': 1, 'daily_chance_of_rain': 90, 'daily_will_it_snow': 0, 'daily_chance_of_snow': 0, 'condition': {'text': 'Heavy rain', 'icon': '//cdn.weatherapi.com/weather/64x64/day/308.png', 'code': 1195}, 'uv': 5.0}",23.9,20.6,22.3,22.7,35.05,9.7,85.0,1,90,0,0,Heavy rain,//cdn.weatherapi.com/weather/64x64/day/308.png,1195
"PORTO ALEGRE, RIO GRANDE DO SUL, BRAZIL",Porto Alegre,Rio Grande do Sul,Brazil,-30.03,-51.2,America/Sao_Paulo,1703801636,2023-12-28 19:13,1703800800,2023-12-28 19:00,35.0,95.0,1,"{'text': 'Sunny', 'icon': '//cdn.weatherapi.com/weather/64x64/day/113.png', 'code': 1000}",6.9,11.2,230,SW,1005.0,29.68,0.0,0.0,44,0,42.6,108.6,10.0,6.0,7.0,7.0,11.3,2023-12-30,"{'maxtemp_c': 22.2, 'maxtemp_f': 72.0, 'mintemp_c': 16.8, 'mintemp_f': 62.2, 'avgtemp_c': 20.0, 'avgtemp_f': 67.9, 'maxwind_mph': 9.8, 'maxwind_kph': 15.8, 'totalprecip_mm': 0.77, 'totalprecip_in': 0.03, 'totalsnow_cm': 0.0, 'avgvis_km': 10.0, 'avgvis_miles': 6.0, 'avghumidity': 71.0, 'daily_will_it_rain': 1, 'daily_chance_of_rain': 88, 'daily_will_it_snow': 0, 'daily_chance_of_snow': 0, 'condition': {'text': 'Patchy rain possible', 'icon': '//cdn.weatherapi.com/weather/64x64/day/176.png', 'code': 1063}, 'uv': 4.0}",22.2,16.8,20.0,15.8,0.77,10.0,71.0,1,88,0,0,Patchy rain possible,//cdn.weatherapi.com/weather/64x64/day/176.png,1063
"CAMPO GRANDE, MATO GROSSO DO SUL, BRAZIL",Campo Grande,Mato Grosso do Sul,Brazil,-20.45,-54.62,America/Campo_Grande,1703801627,2023-12-28 18:13,1703800800,2023-12-28 18:00,32.0,89.6,1,"{'text': 'Overcast', 'icon': '//cdn.weatherapi.com/weather/64x64/day/122.png', 'code': 1009}",10.5,16.9,10,N,1011.0,29.85,0.0,0.0,49,50,30.8,87.4,10.0,6.0,8.0,15.0,24.1,2023-12-28,"{'maxtemp_c': 39.9, 'maxtemp_f': 103.8, 'mintemp_c': 23.5, 'mintemp_f': 74.2, 'avgtemp_c': 31.7, 'avgtemp_f': 89.0, 'maxwind_mph': 9.8, 'maxwind_kph': 15.8, 'totalprecip_mm': 0.0, 'totalprecip_in': 0.0, 'totalsnow_cm': 0.0, 'avgvis_km': 10.0, 'avgvis_miles': 6.0, 'avghumidity': 36.0, 'daily_will_it_rain': 0, 'daily_chance_of_rain': 0, 'daily_will_it_snow': 0, 'daily_chance_of_snow': 0, 'condition': {'text': 'Sunny', 'icon': '//cdn.weatherapi.com/weather/64x64/day/113.png', 'code': 1000}, 'uv': 8.0}",39.9,23.5,31.7,15.8,0.0,10.0,36.0,0,0,0,0,Sunny,//cdn.weatherapi.com/weather/64x64/day/113.png,1000
"CAMPO GRANDE, MATO GROSSO DO SUL, BRAZIL",Campo Grande,Mato Grosso do Sul,Brazil,-20.45,-54.62,America/Campo_Grande,1703801627,2023-12-28 18:13,1703800800,2023-12-28 18:00,32.0,89.6,1,"{'text': 'Overcast', 'icon': '//cdn.weatherapi.com/weather/64x64/day/122.png', 'code': 1009}",10.5,16.9,10,N,1011.0,29.85,0.0,0.0,49,50,30.8,87.4,10.0,6.0,8.0,15.0,24.1,2023-12-29,"{'maxtemp_c': 40.2, 'maxtemp_f': 104.3, 'mintemp_c': 27.5, 'mintemp_f': 81.6, 'avgtemp_c': 33.3, 'avgtemp_f': 91.9, 'maxwind_mph': 15.0, 'maxwind_kph': 24.1, 'totalprecip_mm': 0.91, 'totalprecip_in': 0.04, 'totalsnow_cm': 0.0, 'avgvis_km': 10.0, 'avgvis_miles': 6.0, 'avghumidity': 33.0, 'daily_will_it_rain': 1, 'daily_chance_of_rain': 88, 'daily_will_it_snow': 0, 'daily_chance_of_snow': 0, 'condition': {'text': 'Patchy rain possible', 'icon': '//cdn.weatherapi.com/weather/64x64/day/176.png', 'code': 1063}, 'uv': 7.0}",40.2,27.5,33.3,24.1,0.91,10.0,33.0,1,88,0,0,Patchy rain possible,//cdn.weatherapi.com/weather/64x64/day/176.png,1063
"CAMPO GRANDE, MATO GROSSO DO SUL, BRAZIL",Campo Grande,Mato Grosso do Sul,Brazil,-20.45,-54.62,America/Campo_Grande,1703801627,2023-12-28 18:13,1703800800,2023-12-28 18:00,32.0,89.6,1,"{'text': 'Overcast', 'icon': '//cdn.weatherapi.com/weather/64x64/day/122.png', 'code': 1009}",10.5,16.9,10,N,1011.0,29.85,0.0,0.0,49,50,30.8,87.4,10.0,6.0,8.0,15.0,24.1,2023-12-30,"{'maxtemp_c': 37.1, 'maxtemp_f': 98.7, 'mintemp_c': 22.6, 'mintemp_f': 72.7, 'avgtemp_c': 29.4, 'avgtemp_f': 84.8, 'maxwind_mph': 13.9, 'maxwind_kph': 22.3, 'totalprecip_mm': 5.33, 'totalprecip_in': 0.21, 'totalsnow_cm': 0.0, 'avgvis_km': 9.6, 'avgvis_miles': 5.0, 'avghumidity': 56.0, 'daily_will_it_rain': 1, 'daily_chance_of_rain': 86, 'daily_will_it_snow': 0, 'daily_chance_of_snow': 0, 'condition': {'text': 'Moderate rain', 'icon': '//cdn.weatherapi.com/weather/64x64/day/302.png', 'code': 1189}, 'uv': 6.0}",37.1,22.6,29.4,22.3,5.33,9.6,56.0,1,86,0,0,Moderate rain,//cdn.weatherapi.com/weather/64x64/day/302.png,1189
"MANAUS, AMAZONAS, BRAZIL",Manaus,Amazonas,Brazil,-3.11,-60.03,America/Manaus,1703801621,2023-12-28 18:13,1703800800,2023-12-28 18:00,31.0,87.8,0,"{'text': 'Partly cloudy', 'icon': '//cdn.weatherapi.com/weather/64x64/night/116.png', 'code': 1003}",2.2,3.6,73,ENE,1008.0,29.77,0.0,0.0,71,50,40.5,104.9,10.0,6.0,7.0,6.7,10.8,2023-12-28,"{'maxtemp_c': 32.4, 'maxtemp_f': 90.4, 'mintemp_c': 24.5, 'mintemp_f': 76.1, 'avgtemp_c': 27.2, 'avgtemp_f': 81.0, 'maxwind_mph': 4.0, 'maxwind_kph': 6.5, 'totalprecip_mm': 0.31, 'totalprecip_in': 0.01, 'totalsnow_cm': 0.0, 'avgvis_km': 9.8, 'avgvis_miles': 6.0, 'avghumidity': 81.0, 'daily_will_it_rain': 1, 'daily_chance_of_rain': 84, 'daily_will_it_snow': 0, 'daily_chance_of_snow': 0, 'condition': {'text': 'Patchy rain possible', 'icon': '//cdn.weatherapi.com/weather/64x64/day/176.png', 'code': 1063}, 'uv': 6.0}",32.4,24.5,27.2,6.5,0.31,9.8,81.0,1,84,0,0,Patchy rain possible,//cdn.weatherapi.com/weather/64x64/day/176.png,1063
"MANAUS, AMAZONAS, BRAZIL",Manaus,Amazonas,Brazil,-3.11,-60.03,America/Manaus,1703801621,2023-12-28 18:13,1703800800,2023-12-28 18:00,31.0,87.8,0,"{'text': 'Partly cloudy', 'icon': '//cdn.weatherapi.com/weather/64x64/night/116.png', 'code': 1003}",2.2,3.6,73,ENE,1008.0,29.77,0.0,0.0,71,50,40.5,104.9,10.0,6.0,7.0,6.7,10.8,2023-12-29,"{'maxtemp_c': 32.5, 'maxtemp_f': 90.6, 'mintemp_c': 23.8, 'mintemp_f': 74.9, 'avgtemp_c': 27.5, 'avgtemp_f': 81.4, 'maxwind_mph': 5.4, 'maxwind_kph': 8.6, 'totalprecip_mm': 6.18, 'totalprecip_in': 0.24, 'totalsnow_cm': 0.0, 'avgvis_km': 9.8, 'avgvis_miles': 6.0, 'avghumidity': 80.0, 'daily_will_it_rain': 1, 'daily_chance_of_rain': 89, 'daily_will_it_snow': 0, 'daily_chance_of_snow': 0, 'condition': {'text': 'Moderate rain', 'icon': '//cdn.weatherapi.com/weather/64x64/day/302.png', 'code': 1189}, 'uv': 6.0}",32.5,23.8,27.5,8.6,6.18,9.8,80.0,1,89,0,0,Moderate rain,//cdn.weatherapi.com/weather/64x64/day/302.png,1189
"MANAUS, AMAZONAS, BRAZIL",Manaus,Amazonas,Brazil,-3.11,-60.03,America/Manaus,1703801621,2023-12-28 18:13,1703800800,2023-12-28 18:00,31.0,87.8,0,"{'text': 'Partly cloudy', 'icon': '//cdn.weatherapi.com/weather/64x64/night/116.png', 'code': 1003}",2.2,3.6,73,ENE,1008.0,29.77,0.0,0.0,71,50,40.5,104.9,10.0,6.0,7.0,6.7,10.8,2023-12-30,"{'maxtemp_c': 28.7, 'maxtemp_f': 83.6, 'mintemp_c': 23.6, 'mintemp_f': 74.5, 'avgtemp_c': 25.2, 'avgtemp_f': 77.3, 'maxwind_mph': 4.3, 'maxwind_kph': 6.8, 'totalprecip_mm': 16.64, 'totalprecip_in': 0.66, 'totalsnow_cm': 0.0, 'avgvis_km': 6.5, 'avgvis_miles': 4.0, 'avghumidity': 92.0, 'daily_will_it_rain': 1, 'daily_chance_of_rain': 89, 'daily_will_it_snow': 0, 'daily_chance_of_snow': 0, 'condition': {'text': 'Moderate rain', 'icon': '//cdn.weatherapi.com/weather/64x64/day/302.png', 'code': 1189}, 'uv': 6.0}",28.7,23.6,25.2,6.8,16.64,6.5,92.0,1,89,0,0,Moderate rain,//cdn.weatherapi.com/weather/64x64/day/302.png,1189
"PALMAS, TOCANTINS, BRAZIL",Palmas,Tocantins,Brazil,-10.22,-48.28,America/Araguaina,1703801640,2023-12-28 19:14,1703800800,2023-12-28 19:00,25.0,77.0,0,"{'text': 'Moderate or heavy rain with thunder', 'icon': '//cdn.weatherapi.com/weather/64x64/night/389.png', 'code': 1276}",3.8,6.1,100,E,1010.0,29.83,0.0,0.0,94,75,27.5,81.5,10.0,6.0,1.0,8.3,13.3,2023-12-28,"{'maxtemp_c': 36.9, 'maxtemp_f': 98.5, 'mintemp_c': 23.1, 'mintemp_f': 73.6, 'avgtemp_c': 28.1, 'avgtemp_f': 82.5, 'maxwind_mph': 7.4, 'maxwind_kph': 11.9, 'totalprecip_mm': 1.25, 'totalprecip_in': 0.05, 'totalsnow_cm': 0.0, 'avgvis_km': 9.7, 'avgvis_miles': 6.0, 'avghumidity': 62.0, 'daily_will_it_rain': 1, 'daily_chance_of_rain': 85, 'daily_will_it_snow': 0, 'daily_chance_of_snow': 0, 'condition': {'text': 'Patchy rain possible', 'icon': '//cdn.weatherapi.com/weather/64x64/day/176.png', 'code': 1063}, 'uv': 6.0}",36.9,23.1,28.1,11.9,1.25,9.7,62.0,1,85,0,0,Patchy rain possible,//cdn.weatherapi.com/weather/64x64/day/176.png,1063
"PALMAS, TOCANTINS, BRAZIL",Palmas,Tocantins,Brazil,-10.22,-48.28,America/Araguaina,1703801640,2023-12-28 19:14,1703800800,2023-12-28 19:00,25.0,77.0,0,"{'text': 'Moderate or heavy rain with thunder', 'icon': '//cdn.weatherapi.com/weather/64x64/night/389.png', 'code': 1276}",3.8,6.1,100,E,1010.0,29.83,0.0,0.0,94,75,27.5,81.5,10.0,6.0,1.0,8.3,13.3,2023-12-29,"{'maxtemp_c': 37.4, 'maxtemp_f': 99.3, 'mintemp_c': 22.8, 'mintemp_f': 73.0, 'avgtemp_c': 28.3, 'avgtemp_f': 83.0, 'maxwind_mph': 7.4, 'maxwind_kph': 11.9, 'totalprecip_mm': 0.41, 'totalprecip_in': 0.02, 'totalsnow_cm': 0.0, 'avgvis_km': 9.6, 'avgvis_miles': 5.0, 'avghumidity': 61.0, 'daily_will_it_rain': 1, 'daily_chance_of_rain': 84, 'daily_will_it_snow': 0, 'daily_chance_of_snow': 0, 'condition': {'text': 'Patchy rain possible', 'icon': '//cdn.weatherapi.com/weather/64x64/day/176.png', 'code': 1063}, 'uv': 6.0}",37.4,22.8,28.3,11.9,0.41,9.6,61.0,1,84,0,0,Patchy rain possible,//cdn.weatherapi.com/weather/64x64/day/176.png,1063
"PALMAS, TOCANTINS, BRAZIL",Palmas,Tocantins,Brazil,-10.22,-48.28,America/Araguaina,1703801640,2023-12-28 19:14,1703800800,2023-12-28 19:00,25.0,77.0,0,"{'text': 'Moderate or heavy rain with thunder', 'icon': '//cdn.weatherapi.com/weather/64x64/night/389.png', 'code': 1276}",3.8,6.1,100,E,1010.0,29.83,0.0,0.0,94,75,27.5,81.5,10.0,6.0,1.0,8.3,13.3,2023-12-30,"{'maxtemp_c': 36.1, 'maxtemp_f': 97.1, 'mintemp_c': 21.3, 'mintemp_f': 70.3, 'avgtemp_c': 26.7, 'avgtemp_f': 80.0, 'maxwind_mph': 7.2, 'maxwind_kph': 11.5, 'totalprecip_mm': 12.82, 'totalprecip_in': 0.5, 'totalsnow_cm': 0.0, 'avgvis_km': 9.5, 'avgvis_miles': 5.0, 'avghumidity': 73.0, 'daily_will_it_rain': 1, 'daily_chance_of_rain': 85, 'daily_will_it_snow': 0, 'daily_chance_of_snow': 0, 'condition': {'text': 'Moderate rain', 'icon': '//cdn.weatherapi.com/weather/64x64/day/302.png', 'code': 1189}, 'uv': 6.0}",36.1,21.3,26.7,11.5,12.82,9.5,73.0,1,85,0,0,Moderate rain,//cdn.weatherapi.com/weather/64x64/day/302.png,1189
"FORTALEZA, CEARA, BRAZIL",Fortaleza,Ceara,Brazil,-3.32,-41.42,America/Fortaleza,1703801623,2023-12-28 19:13,1703800800,2023-12-28 19:00,29.0,84.2,0,"{'text': 'Partly cloudy', 'icon': '//cdn.weatherapi.com/weather/64x64/night/116.png', 'code': 1003}",16.1,25.9,60,ENE,1009.0,29.8,0.0,0.0,79,50,34.9,94.8,10.0,6.0,1.0,20.6,33.1,2023-12-28,"{'maxtemp_c': 33.5, 'maxtemp_f': 92.3, 'mintemp_c': 24.2, 'mintemp_f': 75.6, 'avgtemp_c': 27.9, 'avgtemp_f': 82.2, 'maxwind_mph': 9.2, 'maxwind_kph': 14.8, 'totalprecip_mm': 0.54, 'totalprecip_in': 0.02, 'totalsnow_cm': 0.0, 'avgvis_km': 10.0, 'avgvis_miles': 6.0, 'avghumidity': 71.0, 'daily_will_it_rain': 1, 'daily_chance_of_rain': 85, 'daily_will_it_snow': 0, 'daily_chance_of_snow': 0, 'condition': {'text': 'Patchy rain possible', 'icon': '//cdn.weatherapi.com/weather/64x64/day/176.png', 'code': 1063}, 'uv': 6.0}",33.5,24.2,27.9,14.8,0.54,10.0,71.0,1,85,0,0,Patchy rain possible,//cdn.weatherapi.com/weather/64x64/day/176.png,1063
"FORTALEZA, CEARA, BRAZIL",Fortaleza,Ceara,Brazil,-3.32,-41.42,America/Fortaleza,1703801623,2023-12-28 19:13,1703800800,2023-12-28 19:00,29.0,84.2,0,"{'text': 'Partly cloudy', 'icon': '//cdn.weatherapi.com/weather/64x64/night/116.png', 'code': 1003}",16.1,25.9,60,ENE,1009.0,29.8,0.0,0.0,79,50,34.9,94.8,10.0,6.0,1.0,20.6,33.1,2023-12-29,"{'maxtemp_c': 34.3, 'maxtemp_f': 93.7, 'mintemp_c': 24.0, 'mintemp_f': 75.2, 'avgtemp_c': 27.9, 'avgtemp_f': 82.2, 'maxwind_mph': 10.1, 'maxwind_kph': 16.2, 'totalprecip_mm': 0.43, 'totalprecip_in': 0.02, 'totalsnow_cm': 0.0, 'avgvis_km': 10.0, 'avgvis_miles': 6.0, 'avghumidity': 71.0, 'daily_will_it_rain': 1, 'daily_chance_of_rain': 88, 'daily_will_it_snow': 0, 'daily_chance_of_snow': 0, 'condition': {'text': 'Patchy rain possible', 'icon': '//cdn.weatherapi.com/weather/64x64/day/176.png', 'code': 1063}, 'uv': 6.0}",34.3,24.0,27.9,16.2,0.43,10.0,71.0,1,88,0,0,Patchy rain possible,//cdn.weatherapi.com/weather/64x64/day/176.png,1063
"FORTALEZA, CEARA, BRAZIL",Fortaleza,Ceara,Brazil,-3.32,-41.42,America/Fortaleza,1703801623,2023-12-28 19:13,1703800800,2023-12-28 19:00,29.0,84.2,0,"{'text': 'Partly cloudy', 'icon': '//cdn.weatherapi.com/weather/64x64/night/116.png', 'code': 1003}",16.1,25.9,60,ENE,1009.0,29.8,0.0,0.0,79,50,34.9,94.8,10.0,6.0,1.0,20.6,33.1,2023-12-30,"{'maxtemp_c': 34.4, 'maxtemp_f': 93.9, 'mintemp_c': 24.4, 'mintemp_f': 75.9, 'avgtemp_c': 27.6, 'avgtemp_f': 81.8, 'maxwind_mph': 8.9, 'maxwind_kph': 14.4, 'totalprecip_mm': 1.14, 'totalprecip_in': 0.04, 'totalsnow_cm': 0.0, 'avgvis_km': 9.9, 'avgvis_miles': 6.0, 'avghumidity': 72.0, 'daily_will_it_rain': 1, 'daily_chance_of_rain': 89, 'daily_will_it_snow': 0, 'daily_chance_of_snow': 0, 'condition': {'text': 'Patchy rain possible', 'icon': '//cdn.weatherapi.com/weather/64x64/day/176.png', 'code': 1063}, 'uv': 6.0}",34.4,24.4,27.6,14.4,1.14,9.9,72.0,1,89,0,0,Patchy rain possible,//cdn.weatherapi.com/weather/64x64/day/176.png,1063
"JOAO PESSOA, PARAIBA, BRAZIL",Joao Pessoa,Paraiba,Brazil,-7.12,-34.87,America/Fortaleza,1703801654,2023-12-28 19:14,1703800800,2023-12-28 19:00,27.0,80.6,0,"{'text': 'Partly cloudy', 'icon': '//cdn.weatherapi.com/weather/64x64/night/116.png', 'code': 1003}",10.5,16.9,120,ESE,1012.0,29.88,0.02,0.0,79,25,29.7,85.5,10.0,6.0,1.0,14.8,23.8,2023-12-28,"{'maxtemp_c': 29.7, 'maxtemp_f': 85.5, 'mintemp_c': 25.1, 'mintemp_f': 77.1, 'avgtemp_c': 27.0, 'avgtemp_f': 80.5, 'maxwind_mph': 13.4, 'maxwind_kph': 21.6, 'totalprecip_mm': 0.41, 'totalprecip_in': 0.02, 'totalsnow_cm': 0.0, 'avgvis_km': 10.0, 'avgvis_miles': 6.0, 'avghumidity': 71.0, 'daily_will_it_rain': 1, 'daily_chance_of_rain': 87, 'daily_will_it_snow': 0, 'daily_chance_of_snow': 0, 'condition': {'text': 'Patchy rain possible', 'icon': '//cdn.weatherapi.com/weather/64x64/day/176.png', 'code': 1063}, 'uv': 6.0}",29.7,25.1,27.0,21.6,0.41,10.0,71.0,1,87,0,0,Patchy rain possible,//cdn.weatherapi.com/weather/64x64/day/176.png,1063
"JOAO PESSOA, PARAIBA, BRAZIL",Joao Pessoa,Paraiba,Brazil,-7.12,-34.87,America/Fortaleza,1703801654,2023-12-28 19:14,1703800800,2023-12-28 19:00,27.0,80.6,0,"{'text': 'Partly cloudy', 'icon': '//cdn.weatherapi.com/weather/64x64/night/116.png', 'code': 1003}",10.5,16.9,120,ESE,1012.0,29.88,0.02,0.0,79,25,29.7,85.5,10.0,6.0,1.0,14.8,23.8,2023-12-29,"{'maxtemp_c': 29.6, 'maxtemp_f': 85.3, 'mintemp_c': 24.9, 'mintemp_f': 76.8, 'avgtemp_c': 27.0, 'avgtemp_f': 80.6, 'maxwind_mph': 13.4, 'maxwind_kph': 21.6, 'totalprecip_mm': 0.12, 'totalprecip_in': 0.0, 'totalsnow_cm': 0.0, 'avgvis_km': 10.0, 'avgvis_miles': 6.0, 'avghumidity': 68.0, 'daily_will_it_rain': 1, 'daily_chance_of_rain': 84, 'daily_will_it_snow': 0, 'daily_chance_of_snow': 0, 'condition': {'text': 'Patchy rain possible', 'icon': '//cdn.weatherapi.com/weather/64x64/day/176.png', 'code': 1063}, 'uv': 6.0}",29.6,24.9,27.0,21.6,0.12,10.0,68.0,1,84,0,0,Patchy rain possible,//cdn.weatherapi.com/weather/64x64/day/176.png,1063
"JOAO PESSOA, PARAIBA, BRAZIL",Joao Pessoa,Paraiba,Brazil,-7.12,-34.87,America/Fortaleza,1703801654,2023-12-28 19:14,1703800800,2023-12-28 19:00,27.0,80.6,0,"{'text': 'Partly cloudy', 'icon': '//cdn.weatherapi.com/weather/64x64/night/116.png', 'code': 1003}",10.5,16.9,120,ESE,1012.0,29.88,0.02,0.0,79,25,29.7,85.5,10.0,6.0,1.0,14.8,23.8,2023-12-30,"{'maxtemp_c': 30.1, 'maxtemp_f': 86.1, 'mintemp_c': 24.6, 'mintemp_f': 76.3, 'avgtemp_c': 26.9, 'avgtemp_f': 80.5, 'maxwind_mph': 14.3, 'maxwind_kph': 23.0, 'totalprecip_mm': 0.21, 'totalprecip_in': 0.01, 'totalsnow_cm': 0.0, 'avgvis_km': 10.0, 'avgvis_miles': 6.0, 'avghumidity': 72.0, 'daily_will_it_rain': 1, 'daily_chance_of_rain': 82, 'daily_will_it_snow': 0, 'daily_chance_of_snow': 0, 'condition': {'text': 'Patchy rain possible', 'icon': '//cdn.weatherapi.com/weather/64x64/day/176.png', 'code': 1063}, 'uv': 6.0}",30.1,24.6,26.9,23.0,0.21,10.0,72.0,1,82,0,0,Patchy rain possible,//cdn.weatherapi.com/weather/64x64/day/176.png,1063
"BOA VISTA, RORAIMA, BRAZIL",Boa Vista,Roraima,Brazil,2.82,-60.67,America/Boa_Vista,1703801638,2023-12-28 18:13,1703800800,2023-12-28 18:00,34.0,93.2,0,"{'text': 'Partly cloudy', 'icon': '//cdn.weatherapi.com/weather/64x64/night/116.png', 'code': 1003}",6.9,11.2,120,ESE,1008.0,29.77,0.0,0.0,44,25,38.4,101.2,10.0,6.0,8.0,10.8,17.4,2023-12-28,"{'maxtemp_c': 35.2, 'maxtemp_f': 95.3, 'mintemp_c': 24.3, 'mintemp_f': 75.8, 'avgtemp_c': 29.5, 'avgtemp_f': 85.1, 'maxwind_mph': 7.4, 'maxwind_kph': 11.9, 'totalprecip_mm': 0.42, 'totalprecip_in': 0.02, 'totalsnow_cm': 0.0, 'avgvis_km': 10.0, 'avgvis_miles': 6.0, 'avghumidity': 61.0, 'daily_will_it_rain': 1, 'daily_chance_of_rain': 85, 'daily_will_it_snow': 0, 'daily_chance_of_snow': 0, 'condition': {'text': 'Patchy rain possible', 'icon': '//cdn.weatherapi.com/weather/64x64/day/176.png', 'code': 1063}, 'uv': 6.0}",35.2,24.3,29.5,11.9,0.42,10.0,61.0,1,85,0,0,Patchy rain possible,//cdn.weatherapi.com/weather/64x64/day/176.png,1063
"BOA VISTA, RORAIMA, BRAZIL",Boa Vista,Roraima,Brazil,2.82,-60.67,America/Boa_Vista,1703801638,2023-12-28 18:13,1703800800,2023-12-28 18:00,34.0,93.2,0,"{'text': 'Partly cloudy', 'icon': '//cdn.weatherapi.com/weather/64x64/night/116.png', 'code': 1003}",6.9,11.2,120,ESE,1008.0,29.77,0.0,0.0,44,25,38.4,101.2,10.0,6.0,8.0,10.8,17.4,2023-12-29,"{'maxtemp_c': 36.0, 'maxtemp_f': 96.9, 'mintemp_c': 25.0, 'mintemp_f': 77.1, 'avgtemp_c': 29.9, 'avgtemp_f': 85.7, 'maxwind_mph': 10.1, 'maxwind_kph': 16.2, 'totalprecip_mm': 2.49, 'totalprecip_in': 0.1, 'totalsnow_cm': 0.0, 'avgvis_km': 9.7, 'avgvis_miles': 6.0, 'avghumidity': 59.0, 'daily_will_it_rain': 1, 'daily_chance_of_rain': 87, 'daily_will_it_snow': 0, 'daily_chance_of_snow': 0, 'condition': {'text': 'Patchy rain possible', 'icon': '//cdn.weatherapi.com/weather/64x64/day/176.png', 'code': 1063}, 'uv': 6.0}",36.0,25.0,29.9,16.2,2.49,9.7,59.0,1,87,0,0,Patchy rain possible,//cdn.weatherapi.com/weather/64x64/day/176.png,1063
"BOA VISTA, RORAIMA, BRAZIL",Boa Vista,Roraima,Brazil,2.82,-60.67,America/Boa_Vista,1703801638,2023-12-28 18:13,1703800800,2023-12-28 18:00,34.0,93.2,0,"{'text': 'Partly cloudy', 'icon': '//cdn.weatherapi.com/weather/64x64/night/116.png', 'code': 1003}",6.9,11.2,120,ESE,1008.0,29.77,0.0,0.0,44,25,38.4,101.2,10.0,6.0,8.0,10.8,17.4,2023-12-30,"{'maxtemp_c': 36.5, 'maxtemp_f': 97.7, 'mintemp_c': 24.4, 'mintemp_f': 76.0, 'avgtemp_c': 29.4, 'avgtemp_f': 85.0, 'maxwind_mph': 11.2, 'maxwind_kph': 18.0, 'totalprecip_mm': 4.49, 'totalprecip_in': 0.18, 'totalsnow_cm': 0.0, 'avgvis_km': 9.5, 'avgvis_miles': 5.0, 'avghumidity': 62.0, 'daily_will_it_rain': 1, 'daily_chance_of_rain': 89, 'daily_will_it_snow': 0, 'daily_chance_of_snow': 0, 'condition': {'text': 'Patchy rain possible', 'icon': '//cdn.weatherapi.com/weather/64x64/day/176.png', 'code': 1063}, 'uv': 6.0}",36.5,24.4,29.4,18.0,4.49,9.5,62.0,1,89,0,0,Patchy rain possible,//cdn.weatherapi.com/weather/64x64/day/176.png,1063
"RIO DE JANEIRO, RIO DE JANEIRO, BRAZIL",Rio De Janeiro,Rio de Janeiro,Brazil,-22.9,-43.23,America/Sao_Paulo,1703801634,2023-12-28 19:13,1703800800,2023-12-28 19:00,27.0,80.6,0,"{'text': 'Clear', 'icon': '//cdn.weatherapi.com/weather/64x64/night/113.png', 'code': 1000}",8.1,13.0,150,SSE,1011.0,29.85,0.0,0.0,70,0,29.8,85.7,10.0,6.0,1.0,12.3,19.8,2023-12-28,"{'maxtemp_c': 28.9, 'maxtemp_f': 83.9, 'mintemp_c': 21.4, 'mintemp_f': 70.6, 'avgtemp_c': 25.1, 'avgtemp_f': 77.2, 'maxwind_mph': 11.2, 'maxwind_kph': 18.0, 'totalprecip_mm': 0.0, 'totalprecip_in': 0.0, 'totalsnow_cm': 0.0, 'avgvis_km': 10.0, 'avgvis_miles': 6.0, 'avghumidity': 68.0, 'daily_will_it_rain': 0, 'daily_chance_of_rain': 0, 'daily_will_it_snow': 0, 'daily_chance_of_snow': 0, 'condition': {'text': 'Sunny', 'icon': '//cdn.weatherapi.com/weather/64x64/day/113.png', 'code': 1000}, 'uv': 7.0}",28.9,21.4,25.1,18.0,0.0,10.0,68.0,0,0,0,0,Sunny,//cdn.weatherapi.com/weather/64x64/day/113.png,1000
"RIO DE JANEIRO, RIO DE JANEIRO, BRAZIL",Rio De Janeiro,Rio de Janeiro,Brazil,-22.9,-43.23,America/Sao_Paulo,1703801634,2023-12-28 19:13,1703800800,2023-12-28 19:00,27.0,80.6,0,"{'text': 'Clear', 'icon': '//cdn.weatherapi.com/weather/64x64/night/113.png', 'code': 1000}",8.1,13.0,150,SSE,1011.0,29.85,0.0,0.0,70,0,29.8,85.7,10.0,6.0,1.0,12.3,19.8,2023-12-29,"{'maxtemp_c': 34.4, 'maxtemp_f': 93.9, 'mintemp_c': 22.7, 'mintemp_f': 72.9, 'avgtemp_c': 28.6, 'avgtemp_f': 83.5, 'maxwind_mph': 8.1, 'maxwind_kph': 13.0, 'totalprecip_mm': 0.0, 'totalprecip_in': 0.0, 'totalsnow_cm': 0.0, 'avgvis_km': 10.0, 'avgvis_miles': 6.0, 'avghumidity': 64.0, 'daily_will_it_rain': 0, 'daily_chance_of_rain': 0, 'daily_will_it_snow': 0, 'daily_chance_of_snow': 0, 'condition': {'text': 'Sunny', 'icon': '//cdn.weatherapi.com/weather/64x64/day/113.png', 'code': 1000}, 'uv': 7.0}",34.4,22.7,28.6,13.0,0.0,10.0,64.0,0,0,0,0,Sunny,//cdn.weatherapi.com/weather/64x64/day/113.png,1000
"RIO DE JANEIRO, RIO DE JANEIRO, BRAZIL",Rio De Janeiro,Rio de Janeiro,Brazil,-22.9,-43.23,America/Sao_Paulo,1703801634,2023-12-28 19:13,1703800800,2023-12-28 19:00,27.0,80.6,0,"{'text': 'Clear', 'icon': '//cdn.weatherapi.com/weather/64x64/night/113.png', 'code': 1000}",8.1,13.0,150,SSE,1011.0,29.85,0.0,0.0,70,0,29.8,85.7,10.0,6.0,1.0,12.3,19.8,2023-12-30,"{'maxtemp_c': 30.2, 'maxtemp_f': 86.3, 'mintemp_c': 23.7, 'mintemp_f': 74.6, 'avgtemp_c': 26.7, 'avgtemp_f': 80.0, 'maxwind_mph': 15.4, 'maxwind_kph': 24.8, 'totalprecip_mm': 5.88, 'totalprecip_in': 0.23, 'totalsnow_cm': 0.0, 'avgvis_km': 10.0, 'avgvis_miles': 6.0, 'avghumidity': 78.0, 'daily_will_it_rain': 1, 'daily_chance_of_rain': 84, 'daily_will_it_snow': 0, 'daily_chance_of_snow': 0, 'condition': {'text': 'Moderate rain', 'icon': '//cdn.weatherapi.com/weather/64x64/day/302.png', 'code': 1189}, 'uv': 6.0}",30.2,23.7,26.7,24.8,5.88,10.0,78.0,1,84,0,0,Moderate rain,//cdn.weatherapi.com/weather/64x64/day/302.png,1189
"SAO PAULO, SAO PAULO, BRAZIL",Sao Paulo,Sao Paulo,Brazil,-23.53,-46.62,America/Sao_Paulo,1703801639,2023-12-28 19:13,1703800800,2023-12-28 19:00,25.0,77.0,0,"{'text': 'Clear', 'icon': '//cdn.weatherapi.com/weather/64x64/night/113.png', 'code': 1000}",9.4,15.1,150,SSE,1014.0,29.94,0.0,0.0,65,0,26.4,79.6,10.0,6.0,1.0,13.9,22.3,2023-12-28,"{'maxtemp_c': 33.5, 'maxtemp_f': 92.3, 'mintemp_c': 17.3, 'mintemp_f': 63.1, 'avgtemp_c': 24.7, 'avgtemp_f': 76.4, 'maxwind_mph': 11.4, 'maxwind_kph': 18.4, 'totalprecip_mm': 0.0, 'totalprecip_in': 0.0, 'totalsnow_cm': 0.0, 'avgvis_km': 10.0, 'avgvis_miles': 6.0, 'avghumidity': 60.0, 'daily_will_it_rain': 0, 'daily_chance_of_rain': 0, 'daily_will_it_snow': 0, 'daily_chance_of_snow': 0, 'condition': {'text': 'Sunny', 'icon': '//cdn.weatherapi.com/weather/64x64/day/113.png', 'code': 1000}, 'uv': 6.0}",33.5,17.3,24.7,18.4,0.0,10.0,60.0,0,0,0,0,Sunny,//cdn.weatherapi.com/weather/64x64/day/113.png,1000
"SAO PAULO, SAO PAULO, BRAZIL",Sao Paulo,Sao Paulo,Brazil,-23.53,-46.62,America/Sao_Paulo,1703801639,2023-12-28 19:13,1703800800,2023-12-28 19:00,25.0,77.0,0,"{'text': 'Clear', 'icon': '//cdn.weatherapi.com/weather/64x64/night/113.png', 'code': 1000}",9.4,15.1,150,SSE,1014.0,29.94,0.0,0.0,65,0,26.4,79.6,10.0,6.0,1.0,13.9,22.3,2023-12-29,"{'maxtemp_c': 38.0, 'maxtemp_f': 100.5, 'mintemp_c': 21.4, 'mintemp_f': 70.6, 'avgtemp_c': 30.0, 'avgtemp_f': 85.9, 'maxwind_mph': 11.6, 'maxwind_kph': 18.7, 'totalprecip_mm': 0.17, 'totalprecip_in': 0.01, 'totalsnow_cm': 0.0, 'avgvis_km': 10.0, 'avgvis_miles': 6.0, 'avghumidity': 45.0, 'daily_will_it_rain': 1, 'daily_chance_of_rain': 76, 'daily_will_it_snow': 0, 'daily_chance_of_snow': 0, 'condition': {'text': 'Patchy rain possible', 'icon': '//cdn.weatherapi.com/weather/64x64/day/176.png', 'code': 1063}, 'uv': 6.0}",38.0,21.4,30.0,18.7,0.17,10.0,45.0,1,76,0,0,Patchy rain possible,//cdn.weatherapi.com/weather/64x64/day/176.png,1063
"SAO PAULO, SAO PAULO, BRAZIL",Sao Paulo,Sao Paulo,Brazil,-23.53,-46.62,America/Sao_Paulo,1703801639,2023-12-28 19:13,1703800800,2023-12-28 19:00,25.0,77.0,0,"{'text': 'Clear', 'icon': '//cdn.weatherapi.com/weather/64x64/night/113.png', 'code': 1000}",9.4,15.1,150,SSE,1014.0,29.94,0.0,0.0,65,0,26.4,79.6,10.0,6.0,1.0,13.9,22.3,2023-12-30,"{'maxtemp_c': 27.8, 'maxtemp_f': 82.0, 'mintemp_c': 19.6, 'mintemp_f': 67.2, 'avgtemp_c': 23.6, 'avgtemp_f': 74.4, 'maxwind_mph': 13.9, 'maxwind_kph': 22.3, 'totalprecip_mm': 4.2, 'totalprecip_in': 0.17, 'totalsnow_cm': 0.0, 'avgvis_km': 9.7, 'avgvis_miles': 6.0, 'avghumidity': 77.0, 'daily_will_it_rain': 1, 'daily_chance_of_rain': 81, 'daily_will_it_snow': 0, 'daily_chance_of_snow': 0, 'condition': {'text': 'Patchy rain possible', 'icon': '//cdn.weatherapi.com/weather/64x64/day/176.png', 'code': 1063}, 'uv': 5.0}",27.8,19.6,23.6,22.3,4.2,9.7,77.0,1,81,0,0,Patchy rain possible,//cdn.weatherapi.com/weather/64x64/day/176.png,1063
"MACAPA, AMAPA, BRAZIL",Macapa,Amapa,Brazil,0.03,-51.05,America/Belem,1703801621,2023-12-28 19:13,1703800800,2023-12-28 19:00,27.5,81.4,0,"{'text': 'Patchy rain possible', 'icon': '//cdn.weatherapi.com/weather/64x64/night/176.png', 'code': 1063}",11.0,17.6,76,ENE,1010.0,29.84,0.93,0.04,79,72,31.1,88.0,9.0,5.0,1.0,17.4,28.0,2023-12-28,"{'maxtemp_c': 30.3, 'maxtemp_f': 86.5, 'mintemp_c': 25.2, 'mintemp_f': 77.3, 'avgtemp_c': 27.6, 'avgtemp_f': 81.6, 'maxwind_mph': 11.0, 'maxwind_kph': 17.6, 'totalprecip_mm': 9.43, 'totalprecip_in': 0.37, 'totalsnow_cm': 0.0, 'avgvis_km': 9.7, 'avgvis_miles': 6.0, 'avghumidity': 80.0, 'daily_will_it_rain': 1, 'daily_chance_of_rain': 93, 'daily_will_it_snow': 0, 'daily_chance_of_snow': 0, 'condition': {'text': 'Moderate rain', 'icon': '//cdn.weatherapi.com/weather/64x64/day/302.png', 'code': 1189}, 'uv': 6.0}",30.3,25.2,27.6,17.6,9.43,9.7,80.0,1,93,0,0,Moderate rain,//cdn.weatherapi.com/weather/64x64/day/302.png,1189
"MACAPA, AMAPA, BRAZIL",Macapa,Amapa,Brazil,0.03,-51.05,America/Belem,1703801621,2023-12-28 19:13,1703800800,2023-12-28 19:00,27.5,81.4,0,"{'text': 'Patchy rain possible', 'icon': '//cdn.weatherapi.com/weather/64x64/night/176.png', 'code': 1063}",11.0,17.6,76,ENE,1010.0,29.84,0.93,0.04,79,72,31.1,88.0,9.0,5.0,1.0,17.4,28.0,2023-12-29,"{'maxtemp_c': 30.8, 'maxtemp_f': 87.4, 'mintemp_c': 25.0, 'mintemp_f': 76.9, 'avgtemp_c': 27.7, 'avgtemp_f': 81.9, 'maxwind_mph': 12.3, 'maxwind_kph': 19.8, 'totalprecip_mm': 0.62, 'totalprecip_in': 0.02, 'totalsnow_cm': 0.0, 'avgvis_km': 9.9, 'avgvis_miles': 6.0, 'avghumidity': 79.0, 'daily_will_it_rain': 1, 'daily_chance_of_rain': 84, 'daily_will_it_snow': 0, 'daily_chance_of_snow': 0, 'condition': {'text': 'Patchy rain possible', 'icon': '//cdn.weatherapi.com/weather/64x64/day/176.png', 'code': 1063}, 'uv': 6.0}",30.8,25.0,27.7,19.8,0.62,9.9,79.0,1,84,0,0,Patchy rain possible,//cdn.weatherapi.com/weather/64x64/day/176.png,1063
"MACAPA, AMAPA, BRAZIL",Macapa,Amapa,Brazil,0.03,-51.05,America/Belem,1703801621,2023-12-28 19:13,1703800800,2023-12-28 19:00,27.5,81.4,0,"{'text': 'Patchy rain possible', 'icon': '//cdn.weatherapi.com/weather/64x64/night/176.png', 'code': 1063}",11.0,17.6,76,ENE,1010.0,29.84,0.93,0.04,79,72,31.1,88.0,9.0,5.0,1.0,17.4,28.0,2023-12-30,"{'maxtemp_c': 29.1, 'maxtemp_f': 84.5, 'mintemp_c': 24.7, 'mintemp_f': 76.5, 'avgtemp_c': 26.8, 'avgtemp_f': 80.3, 'maxwind_mph': 11.2, 'maxwind_kph': 18.0, 'totalprecip_mm': 9.08, 'totalprecip_in': 0.36, 'totalsnow_cm': 0.0, 'avgvis_km': 9.3, 'avgvis_miles': 5.0, 'avghumidity': 83.0, 'daily_will_it_rain': 1, 'daily_chance_of_rain': 88, 'daily_will_it_snow': 0, 'daily_chance_of_snow': 0, 'condition': {'text': 'Moderate rain', 'icon': '//cdn.weatherapi.com/weather/64x64/day/302.png', 'code': 1189}, 'uv': 6.0}",29.1,24.7,26.8,18.0,9.08,9.3,83.0,1,88,0,0,Moderate rain,//cdn.weatherapi.com/weather/64x64/day/302.png,1189
"SALVADOR, BAHIA, BRAZIL",Salvador,Bahia,Brazil,-12.98,-38.52,America/Bahia,1703801622,2023-12-28 19:13,1703800800,2023-12-28 19:00,28.0,82.4,0,"{'text': 'Clear', 'icon': '//cdn.weatherapi.com/weather/64x64/night/113.png', 'code': 1000}",11.9,19.1,100,E,1013.0,29.91,0.0,0.0,74,0,31.8,89.2,10.0,6.0,1.0,16.7,26.9,2023-12-28,"{'maxtemp_c': 27.7, 'maxtemp_f': 81.8, 'mintemp_c': 26.2, 'mintemp_f': 79.2, 'avgtemp_c': 27.1, 'avgtemp_f': 80.7, 'maxwind_mph': 15.4, 'maxwind_kph': 24.8, 'totalprecip_mm': 0.21, 'totalprecip_in': 0.01, 'totalsnow_cm': 0.0, 'avgvis_km': 10.0, 'avgvis_miles': 6.0, 'avghumidity': 73.0, 'daily_will_it_rain': 1, 'daily_chance_of_rain': 88, 'daily_will_it_snow': 0, 'daily_chance_of_snow': 0, 'condition': {'text': 'Patchy rain possible', 'icon': '//cdn.weatherapi.com/weather/64x64/day/176.png', 'code': 1063}, 'uv': 6.0}",27.7,26.2,27.1,24.8,0.21,10.0,73.0,1,88,0,0,Patchy rain possible,//cdn.weatherapi.com/weather/64x64/day/176.png,1063
"SALVADOR, BAHIA, BRAZIL",Salvador,Bahia,Brazil,-12.98,-38.52,America/Bahia,1703801622,2023-12-28 19:13,1703800800,2023-12-28 19:00,28.0,82.4,0,"{'text': 'Clear', 'icon': '//cdn.weatherapi.com/weather/64x64/night/113.png', 'code': 1000}",11.9,19.1,100,E,1013.0,29.91,0.0,0.0,74,0,31.8,89.2,10.0,6.0,1.0,16.7,26.9,2023-12-29,"{'maxtemp_c': 28.0, 'maxtemp_f': 82.4, 'mintemp_c': 26.1, 'mintemp_f': 79.0, 'avgtemp_c': 26.9, 'avgtemp_f': 80.5, 'maxwind_mph': 16.1, 'maxwind_kph': 25.9, 'totalprecip_mm': 0.14, 'totalprecip_in': 0.01, 'totalsnow_cm': 0.0, 'avgvis_km': 10.0, 'avgvis_miles': 6.0, 'avghumidity': 72.0, 'daily_will_it_rain': 1, 'daily_chance_of_rain': 89, 'daily_will_it_snow': 0, 'daily_chance_of_snow': 0, 'condition': {'text': 'Patchy rain possible', 'icon': '//cdn.weatherapi.com/weather/64x64/day/176.png', 'code': 1063}, 'uv': 6.0}",28.0,26.1,26.9,25.9,0.14,10.0,72.0,1,89,0,0,Patchy rain possible,//cdn.weatherapi.com/weather/64x64/day/176.png,1063
"SALVADOR, BAHIA, BRAZIL",Salvador,Bahia,Brazil,-12.98,-38.52,America/Bahia,1703801622,2023-12-28 19:13,1703800800,2023-12-28 19:00,28.0,82.4,0,"{'text': 'Clear', 'icon': '//cdn.weatherapi.com/weather/64x64/night/113.png', 'code': 1000}",11.9,19.1,100,E,1013.0,29.91,0.0,0.0,74,0,31.8,89.2,10.0,6.0,1.0,16.7,26.9,2023-12-30,"{'maxtemp_c': 28.0, 'maxtemp_f': 82.5, 'mintemp_c': 24.8, 'mintemp_f': 76.6, 'avgtemp_c': 26.5, 'avgtemp_f': 79.7, 'maxwind_mph': 21.0, 'maxwind_kph': 33.8, 'totalprecip_mm': 0.06, 'totalprecip_in': 0.0, 'totalsnow_cm': 0.0, 'avgvis_km': 10.0, 'avgvis_miles': 6.0, 'avghumidity': 76.0, 'daily_will_it_rain': 0, 'daily_chance_of_rain': 0, 'daily_will_it_snow': 0, 'daily_chance_of_snow': 0, 'condition': {'text': 'Sunny', 'icon': '//cdn.weatherapi.com/weather/64x64/day/113.png', 'code': 1000}, 'uv': 7.0}",28.0,24.8,26.5,33.8,0.06,10.0,76.0,0,0,0,0,Sunny,//cdn.weatherapi.com/weather/64x64/day/113.png,1000
"VITORIA, ESPIRITO SANTO, BRAZIL",Vitoria,Espirito Santo,Brazil,-20.32,-40.35,America/Sao_Paulo,1703801623,2023-12-28 19:13,1703800800,2023-12-28 19:00,26.0,78.8,0,"{'text': 'Partly cloudy', 'icon': '//cdn.weatherapi.com/weather/64x64/night/116.png', 'code': 1003}",5.6,9.0,150,SSE,1014.0,29.94,0.0,0.0,74,75,28.6,83.4,10.0,6.0,1.0,10.1,16.2,2023-12-28,"{'maxtemp_c': 26.8, 'maxtemp_f': 80.2, 'mintemp_c': 21.6, 'mintemp_f': 71.0, 'avgtemp_c': 24.0, 'avgtemp_f': 75.2, 'maxwind_mph': 7.4, 'maxwind_kph': 11.9, 'totalprecip_mm': 0.01, 'totalprecip_in': 0.0, 'totalsnow_cm': 0.0, 'avgvis_km': 10.0, 'avgvis_miles': 6.0, 'avghumidity': 72.0, 'daily_will_it_rain': 0, 'daily_chance_of_rain': 0, 'daily_will_it_snow': 0, 'daily_chance_of_snow': 0, 'condition': {'text': 'Partly cloudy', 'icon': '//cdn.weatherapi.com/weather/64x64/day/116.png', 'code': 1003}, 'uv': 6.0}",26.8,21.6,24.0,11.9,0.01,10.0,72.0,0,0,0,0,Partly cloudy,//cdn.weatherapi.com/weather/64x64/day/116.png,1003
"VITORIA, ESPIRITO SANTO, BRAZIL",Vitoria,Espirito Santo,Brazil,-20.32,-40.35,America/Sao_Paulo,1703801623,2023-12-28 19:13,1703800800,2023-12-28 19:00,26.0,78.8,0,"{'text': 'Partly cloudy', 'icon': '//cdn.weatherapi.com/weather/64x64/night/116.png', 'code': 1003}",5.6,9.0,150,SSE,1014.0,29.94,0.0,0.0,74,75,28.6,83.4,10.0,6.0,1.0,10.1,16.2,2023-12-29,"{'maxtemp_c': 30.8, 'maxtemp_f': 87.4, 'mintemp_c': 21.1, 'mintemp_f': 69.9, 'avgtemp_c': 26.1, 'avgtemp_f': 79.0, 'maxwind_mph': 15.2, 'maxwind_kph': 24.5, 'totalprecip_mm': 0.02, 'totalprecip_in': 0.0, 'totalsnow_cm': 0.0, 'avgvis_km': 10.0, 'avgvis_miles': 6.0, 'avghumidity': 76.0, 'daily_will_it_rain': 0, 'daily_chance_of_rain': 0, 'daily_will_it_snow': 0, 'daily_chance_of_snow': 0, 'condition': {'text': 'Sunny', 'icon': '//cdn.weatherapi.com/weather/64x64/day/113.png', 'code': 1000}, 'uv': 7.0}",30.8,21.1,26.1,24.5,0.02,10.0,76.0,0,0,0,0,Sunny,//cdn.weatherapi.com/weather/64x64/day/113.png,1000
"VITORIA, ESPIRITO SANTO, BRAZIL",Vitoria,Espirito Santo,Brazil,-20.32,-40.35,America/Sao_Paulo,1703801623,2023-12-28 19:13,1703800800,2023-12-28 19:00,26.0,78.8,0,"{'text': 'Partly cloudy', 'icon': '//cdn.weatherapi.com/weather/64x64/night/116.png', 'code': 1003}",5.6,9.0,150,SSE,1014.0,29.94,0.0,0.0,74,75,28.6,83.4,10.0,6.0,1.0,10.1,16.2,2023-12-30,"{'maxtemp_c': 34.0, 'maxtemp_f': 93.3, 'mintemp_c': 23.1, 'mintemp_f': 73.6, 'avgtemp_c': 27.2, 'avgtemp_f': 81.0, 'maxwind_mph': 11.6, 'maxwind_kph': 18.7, 'totalprecip_mm': 2.46, 'totalprecip_in': 0.1, 'totalsnow_cm': 0.0, 'avgvis_km': 9.9, 'avgvis_miles': 6.0, 'avghumidity': 78.0, 'daily_will_it_rain': 1, 'daily_chance_of_rain': 87, 'daily_will_it_snow': 0, 'daily_chance_of_snow': 0, 'condition': {'text': 'Patchy rain possible', 'icon': '//cdn.weatherapi.com/weather/64x64/day/176.png', 'code': 1063}, 'uv': 6.0}",34.0,23.1,27.2,18.7,2.46,9.9,78.0,1,87,0,0,Patchy rain possible,//cdn.weatherapi.com/weather/64x64/day/176.png,1063
"NATAL, RIO GRANDE DO NORTE, BRAZIL",Natal,Rio Grande do Norte,Brazil,-5.78,-35.22,America/Fortaleza,1703801634,2023-12-28 19:13,1703800800,2023-12-28 19:00,28.0,82.4,0,"{'text': 'Partly cloudy', 'icon': '//cdn.weatherapi.com/weather/64x64/night/116.png', 'code': 1003}",9.4,15.1,120,ESE,1011.0,29.85,0.0,0.0,74,25,31.5,88.7,10.0,6.0,1.0,12.3,19.8,2023-12-28,"{'maxtemp_c': 30.5, 'maxtemp_f': 86.8, 'mintemp_c': 26.0, 'mintemp_f': 78.9, 'avgtemp_c': 27.7, 'avgtemp_f': 81.9, 'maxwind_mph': 13.2, 'maxwind_kph': 21.2, 'totalprecip_mm': 0.3, 'totalprecip_in': 0.01, 'totalsnow_cm': 0.0, 'avgvis_km': 10.0, 'avgvis_miles': 6.0, 'avghumidity': 69.0, 'daily_will_it_rain': 1, 'daily_chance_of_rain': 83, 'daily_will_it_snow': 0, 'daily_chance_of_snow': 0, 'condition': {'text': 'Patchy rain possible', 'icon': '//cdn.weatherapi.com/weather/64x64/day/176.png', 'code': 1063}, 'uv': 6.0}",30.5,26.0,27.7,21.2,0.3,10.0,69.0,1,83,0,0,Patchy rain possible,//cdn.weatherapi.com/weather/64x64/day/176.png,1063
"NATAL, RIO GRANDE DO NORTE, BRAZIL",Natal,Rio Grande do Norte,Brazil,-5.78,-35.22,America/Fortaleza,1703801634,2023-12-28 19:13,1703800800,2023-12-28 19:00,28.0,82.4,0,"{'text': 'Partly cloudy', 'icon': '//cdn.weatherapi.com/weather/64x64/night/116.png', 'code': 1003}",9.4,15.1,120,ESE,1011.0,29.85,0.0,0.0,74,25,31.5,88.7,10.0,6.0,1.0,12.3,19.8,2023-12-29,"{'maxtemp_c': 30.9, 'maxtemp_f': 87.5, 'mintemp_c': 25.4, 'mintemp_f': 77.7, 'avgtemp_c': 27.6, 'avgtemp_f': 81.7, 'maxwind_mph': 11.9, 'maxwind_kph': 19.1, 'totalprecip_mm': 0.11, 'totalprecip_in': 0.0, 'totalsnow_cm': 0.0, 'avgvis_km': 10.0, 'avgvis_miles': 6.0, 'avghumidity': 68.0, 'daily_will_it_rain': 1, 'daily_chance_of_rain': 81, 'daily_will_it_snow': 0, 'daily_chance_of_snow': 0, 'condition': {'text': 'Patchy rain possible', 'icon': '//cdn.weatherapi.com/weather/64x64/day/176.png', 'code': 1063}, 'uv': 6.0}",30.9,25.4,27.6,19.1,0.11,10.0,68.0,1,81,0,0,Patchy rain possible,//cdn.weatherapi.com/weather/64x64/day/176.png,1063
"NATAL, RIO GRANDE DO NORTE, BRAZIL",Natal,Rio Grande do Norte,Brazil,-5.78,-35.22,America/Fortaleza,1703801634,2023-12-28 19:13,1703800800,2023-12-28 19:00,28.0,82.4,0,"{'text': 'Partly cloudy', 'icon': '//cdn.weatherapi.com/weather/64x64/night/116.png', 'code': 1003}",9.4,15.1,120,ESE,1011.0,29.85,0.0,0.0,74,25,31.5,88.7,10.0,6.0,1.0,12.3,19.8,2023-12-30,"{'maxtemp_c': 30.7, 'maxtemp_f': 87.2, 'mintemp_c': 25.2, 'mintemp_f': 77.3, 'avgtemp_c': 27.4, 'avgtemp_f': 81.3, 'maxwind_mph': 10.5, 'maxwind_kph': 16.9, 'totalprecip_mm': 0.1, 'totalprecip_in': 0.0, 'totalsnow_cm': 0.0, 'avgvis_km': 10.0, 'avgvis_miles': 6.0, 'avghumidity': 73.0, 'daily_will_it_rain': 0, 'daily_chance_of_rain': 0, 'daily_will_it_snow': 0, 'daily_chance_of_snow': 0, 'condition': {'text': 'Partly cloudy', 'icon': '//cdn.weatherapi.com/weather/64x64/day/116.png', 'code': 1003}, 'uv': 7.0}",30.7,25.2,27.4,16.9,0.1,10.0,73.0,0,0,0,0,Partly cloudy,//cdn.weatherapi.com/weather/64x64/day/116.png,1003
"BELO HORIZONTE, MINAS GERAIS, BRAZIL",Belo Horizonte,Minas Gerais,Brazil,-19.92,-43.93,America/Sao_Paulo,1703801628,2023-12-28 19:13,1703800800,2023-12-28 19:00,28.0,82.4,0,"{'text': 'Partly cloudy', 'icon': '//cdn.weatherapi.com/weather/64x64/night/116.png', 'code': 1003}",10.5,16.9,80,E,1016.0,30.0,0.01,0.0,62,25,35.1,95.2,10.0,6.0,1.0,15.0,24.1,2023-12-28,"{'maxtemp_c': 26.4, 'maxtemp_f': 79.6, 'mintemp_c': 18.6, 'mintemp_f': 65.5, 'avgtemp_c': 22.0, 'avgtemp_f': 71.6, 'maxwind_mph': 7.2, 'maxwind_kph': 11.5, 'totalprecip_mm': 4.53, 'totalprecip_in': 0.18, 'totalsnow_cm': 0.0, 'avgvis_km': 6.1, 'avgvis_miles': 3.0, 'avghumidity': 85.0, 'daily_will_it_rain': 1, 'daily_chance_of_rain': 89, 'daily_will_it_snow': 0, 'daily_chance_of_snow': 0, 'condition': {'text': 'Patchy rain possible', 'icon': '//cdn.weatherapi.com/weather/64x64/day/176.png', 'code': 1063}, 'uv': 5.0}",26.4,18.6,22.0,11.5,4.53,6.1,85.0,1,89,0,0,Patchy rain possible,//cdn.weatherapi.com/weather/64x64/day/176.png,1063
"BELO HORIZONTE, MINAS GERAIS, BRAZIL",Belo Horizonte,Minas Gerais,Brazil,-19.92,-43.93,America/Sao_Paulo,1703801628,2023-12-28 19:13,1703800800,2023-12-28 19:00,28.0,82.4,0,"{'text': 'Partly cloudy', 'icon': '//cdn.weatherapi.com/weather/64x64/night/116.png', 'code': 1003}",10.5,16.9,80,E,1016.0,30.0,0.01,0.0,62,25,35.1,95.2,10.0,6.0,1.0,15.0,24.1,2023-12-29,"{'maxtemp_c': 31.8, 'maxtemp_f': 89.3, 'mintemp_c': 18.2, 'mintemp_f': 64.7, 'avgtemp_c': 24.2, 'avgtemp_f': 75.5, 'maxwind_mph': 5.8, 'maxwind_kph': 9.4, 'totalprecip_mm': 0.04, 'totalprecip_in': 0.0, 'totalsnow_cm': 0.0, 'avgvis_km': 7.6, 'avgvis_miles': 4.0, 'avghumidity': 72.0, 'daily_will_it_rain': 0, 'daily_chance_of_rain': 0, 'daily_will_it_snow': 0, 'daily_chance_of_snow': 0, 'condition': {'text': 'Partly cloudy', 'icon': '//cdn.weatherapi.com/weather/64x64/day/116.png', 'code': 1003}, 'uv': 6.0}",31.8,18.2,24.2,9.4,0.04,7.6,72.0,0,0,0,0,Partly cloudy,//cdn.weatherapi.com/weather/64x64/day/116.png,1003
"BELO HORIZONTE, MINAS GERAIS, BRAZIL",Belo Horizonte,Minas Gerais,Brazil,-19.92,-43.93,America/Sao_Paulo,1703801628,2023-12-28 19:13,1703800800,2023-12-28 19:00,28.0,82.4,0,"{'text': 'Partly cloudy', 'icon': '//cdn.weatherapi.com/weather/64x64/night/116.png', 'code': 1003}",10.5,16.9,80,E,1016.0,30.0,0.01,0.0,62,25,35.1,95.2,10.0,6.0,1.0,15.0,24.1,2023-12-30,"{'maxtemp_c': 33.2, 'maxtemp_f': 91.8, 'mintemp_c': 19.2, 'mintemp_f': 66.5, 'avgtemp_c': 23.8, 'avgtemp_f': 74.8, 'maxwind_mph': 12.1, 'maxwind_kph': 19.4, 'totalprecip_mm': 58.16, 'totalprecip_in': 2.29, 'totalsnow_cm': 0.0, 'avgvis_km': 9.0, 'avgvis_miles': 5.0, 'avghumidity': 78.0, 'daily_will_it_rain': 1, 'daily_chance_of_rain': 78, 'daily_will_it_snow': 0, 'daily_chance_of_snow': 0, 'condition': {'text': 'Heavy rain', 'icon': '//cdn.weatherapi.com/weather/64x64/day/308.png', 'code': 1195}, 'uv': 5.0}",33.2,19.2,23.8,19.4,58.16,9.0,78.0,1,78,0,0,Heavy rain,//cdn.weatherapi.com/weather/64x64/day/308.png,1195
"MACEIO, ALAGOAS, BRAZIL",Maceio,Alagoas,Brazil,-9.67,-35.72,America/Maceio,1703801620,2023-12-28 19:13,1703800800,2023-12-28 19:00,27.0,80.6,0,"{'text': 'Partly cloudy', 'icon': '//cdn.weatherapi.com/weather/64x64/night/116.png', 'code': 1003}",9.4,15.1,80,E,1013.0,29.91,0.0,0.0,79,25,29.7,85.4,10.0,6.0,1.0,13.2,21.3,2023-12-28,"{'maxtemp_c': 28.8, 'maxtemp_f': 83.8, 'mintemp_c': 26.0, 'mintemp_f': 78.9, 'avgtemp_c': 27.2, 'avgtemp_f': 81.0, 'maxwind_mph': 13.4, 'maxwind_kph': 21.6, 'totalprecip_mm': 0.53, 'totalprecip_in': 0.02, 'totalsnow_cm': 0.0, 'avgvis_km': 10.0, 'avgvis_miles': 6.0, 'avghumidity': 71.0, 'daily_will_it_rain': 1, 'daily_chance_of_rain': 88, 'daily_will_it_snow': 0, 'daily_chance_of_snow': 0, 'condition': {'text': 'Patchy rain possible', 'icon': '//cdn.weatherapi.com/weather/64x64/day/176.png', 'code': 1063}, 'uv': 6.0}",28.8,26.0,27.2,21.6,0.53,10.0,71.0,1,88,0,0,Patchy rain possible,//cdn.weatherapi.com/weather/64x64/day/176.png,1063
"MACEIO, ALAGOAS, BRAZIL",Maceio,Alagoas,Brazil,-9.67,-35.72,America/Maceio,1703801620,2023-12-28 19:13,1703800800,2023-12-28 19:00,27.0,80.6,0,"{'text': 'Partly cloudy', 'icon': '//cdn.weatherapi.com/weather/64x64/night/116.png', 'code': 1003}",9.4,15.1,80,E,1013.0,29.91,0.0,0.0,79,25,29.7,85.4,10.0,6.0,1.0,13.2,21.3,2023-12-29,"{'maxtemp_c': 28.8, 'maxtemp_f': 83.9, 'mintemp_c': 25.7, 'mintemp_f': 78.3, 'avgtemp_c': 27.1, 'avgtemp_f': 80.7, 'maxwind_mph': 13.4, 'maxwind_kph': 21.6, 'totalprecip_mm': 0.32, 'totalprecip_in': 0.01, 'totalsnow_cm': 0.0, 'avgvis_km': 10.0, 'avgvis_miles': 6.0, 'avghumidity': 70.0, 'daily_will_it_rain': 1, 'daily_chance_of_rain': 92, 'daily_will_it_snow': 0, 'daily_chance_of_snow': 0, 'condition': {'text': 'Patchy rain possible', 'icon': '//cdn.weatherapi.com/weather/64x64/day/176.png', 'code': 1063}, 'uv': 6.0}",28.8,25.7,27.1,21.6,0.32,10.0,70.0,1,92,0,0,Patchy rain possible,//cdn.weatherapi.com/weather/64x64/day/176.png,1063
"MACEIO, ALAGOAS, BRAZIL",Maceio,Alagoas,Brazil,-9.67,-35.72,America/Maceio,1703801620,2023-12-28 19:13,1703800800,2023-12-28 19:00,27.0,80.6,0,"{'text': 'Partly cloudy', 'icon': '//cdn.weatherapi.com/weather/64x64/night/116.png', 'code': 1003}",9.4,15.1,80,E,1013.0,29.91,0.0,0.0,79,25,29.7,85.4,10.0,6.0,1.0,13.2,21.3,2023-12-30,"{'maxtemp_c': 29.4, 'maxtemp_f': 84.9, 'mintemp_c': 25.1, 'mintemp_f': 77.2, 'avgtemp_c': 27.1, 'avgtemp_f': 80.7, 'maxwind_mph': 17.0, 'maxwind_kph': 27.4, 'totalprecip_mm': 0.1, 'totalprecip_in': 0.0, 'totalsnow_cm': 0.0, 'avgvis_km': 10.0, 'avgvis_miles': 6.0, 'avghumidity': 72.0, 'daily_will_it_rain': 0, 'daily_chance_of_rain': 0, 'daily_will_it_snow': 0, 'daily_chance_of_snow': 0, 'condition': {'text': 'Partly cloudy', 'icon': '//cdn.weatherapi.com/weather/64x64/day/116.png', 'code': 1003}, 'uv': 7.0}",29.4,25.1,27.1,27.4,0.1,10.0,72.0,0,0,0,0,Partly cloudy,//cdn.weatherapi.com/weather/64x64/day/116.png,1003
"CUIABA, MATO GROSSO, BRAZIL",Cuiaba,Mato Grosso,Brazil,-15.58,-56.08,America/Cuiaba,1703801627,2023-12-28 18:13,1703800800,2023-12-28 18:00,37.0,98.6,1,"{'text': 'Partly cloudy', 'icon': '//cdn.weatherapi.com/weather/64x64/day/116.png', 'code': 1003}",5.6,9.0,350,N,1006.0,29.71,0.0,0.0,37,25,39.3,102.8,10.0,6.0,8.0,7.5,12.1,2023-12-28,"{'maxtemp_c': 40.7, 'maxtemp_f': 105.2, 'mintemp_c': 24.3, 'mintemp_f': 75.7, 'avgtemp_c': 32.3, 'avgtemp_f': 90.1, 'maxwind_mph': 7.8, 'maxwind_kph': 12.6, 'totalprecip_mm': 0.0, 'totalprecip_in': 0.0, 'totalsnow_cm': 0.0, 'avgvis_km': 10.0, 'avgvis_miles': 6.0, 'avghumidity': 41.0, 'daily_will_it_rain': 0, 'daily_chance_of_rain': 0, 'daily_will_it_snow': 0, 'daily_chance_of_snow': 0, 'condition': {'text': 'Sunny', 'icon': '//cdn.weatherapi.com/weather/64x64/day/113.png', 'code': 1000}, 'uv': 8.0}",40.7,24.3,32.3,12.6,0.0,10.0,41.0,0,0,0,0,Sunny,//cdn.weatherapi.com/weather/64x64/day/113.png,1000
"CUIABA, MATO GROSSO, BRAZIL",Cuiaba,Mato Grosso,Brazil,-15.58,-56.08,America/Cuiaba,1703801627,2023-12-28 18:13,1703800800,2023-12-28 18:00,37.0,98.6,1,"{'text': 'Partly cloudy', 'icon': '//cdn.weatherapi.com/weather/64x64/day/116.png', 'code': 1003}",5.6,9.0,350,N,1006.0,29.71,0.0,0.0,37,25,39.3,102.8,10.0,6.0,8.0,7.5,12.1,2023-12-29,"{'maxtemp_c': 38.8, 'maxtemp_f': 101.8, 'mintemp_c': 27.8, 'mintemp_f': 82.0, 'avgtemp_c': 32.0, 'avgtemp_f': 89.6, 'maxwind_mph': 11.9, 'maxwind_kph': 19.1, 'totalprecip_mm': 0.55, 'totalprecip_in': 0.02, 'totalsnow_cm': 0.0, 'avgvis_km': 10.0, 'avgvis_miles': 6.0, 'avghumidity': 45.0, 'daily_will_it_rain': 1, 'daily_chance_of_rain': 75, 'daily_will_it_snow': 0, 'daily_chance_of_snow': 0, 'condition': {'text': 'Patchy rain possible', 'icon': '//cdn.weatherapi.com/weather/64x64/day/176.png', 'code': 1063}, 'uv': 7.0}",38.8,27.8,32.0,19.1,0.55,10.0,45.0,1,75,0,0,Patchy rain possible,//cdn.weatherapi.com/weather/64x64/day/176.png,1063
"CUIABA, MATO GROSSO, BRAZIL",Cuiaba,Mato Grosso,Brazil,-15.58,-56.08,America/Cuiaba,1703801627,2023-12-28 18:13,1703800800,2023-12-28 18:00,37.0,98.6,1,"{'text': 'Partly cloudy', 'icon': '//cdn.weatherapi.com/weather/64x64/day/116.png', 'code': 1003}",5.6,9.0,350,N,1006.0,29.71,0.0,0.0,37,25,39.3,102.8,10.0,6.0,8.0,7.5,12.1,2023-12-30,"{'maxtemp_c': 35.1, 'maxtemp_f': 95.2, 'mintemp_c': 23.6, 'mintemp_f': 74.5, 'avgtemp_c': 28.3, 'avgtemp_f': 83.0, 'maxwind_mph': 8.9, 'maxwind_kph': 14.4, 'totalprecip_mm': 6.2, 'totalprecip_in': 0.24, 'totalsnow_cm': 0.0, 'avgvis_km': 9.2, 'avgvis_miles': 5.0, 'avghumidity': 69.0, 'daily_will_it_rain': 1, 'daily_chance_of_rain': 86, 'daily_will_it_snow': 0, 'daily_chance_of_snow': 0, 'condition': {'text': 'Moderate rain', 'icon': '//cdn.weatherapi.com/weather/64x64/day/302.png', 'code': 1189}, 'uv': 6.0}",35.1,23.6,28.3,14.4,6.2,9.2,69.0,1,86,0,0,Moderate rain,//cdn.weatherapi.com/weather/64x64/day/302.png,1189
"CURITIBA, PARANA, BRAZIL",Curitiba,Parana,Brazil,-25.42,-49.25,America/Sao_Paulo,1703801631,2023-12-28 19:13,1703800800,2023-12-28 19:00,29.0,84.2,0,"{'text': 'Clear', 'icon': '//cdn.weatherapi.com/weather/64x64/night/113.png', 'code': 1000}",10.5,16.9,340,NNW,1014.0,29.94,0.0,0.0,43,0,33.6,92.5,10.0,6.0,6.0,15.0,24.1,2023-12-28,"{'maxtemp_c': 31.4, 'maxtemp_f': 88.5, 'mintemp_c': 14.6, 'mintemp_f': 58.4, 'avgtemp_c': 22.5, 'avgtemp_f': 72.6, 'maxwind_mph': 6.7, 'maxwind_kph': 10.8, 'totalprecip_mm': 0.0, 'totalprecip_in': 0.0, 'totalsnow_cm': 0.0, 'avgvis_km': 10.0, 'avgvis_miles': 6.0, 'avghumidity': 62.0, 'daily_will_it_rain': 0, 'daily_chance_of_rain': 0, 'daily_will_it_snow': 0, 'daily_chance_of_snow': 0, 'condition': {'text': 'Sunny', 'icon': '//cdn.weatherapi.com/weather/64x64/day/113.png', 'code': 1000}, 'uv': 6.0}",31.4,14.6,22.5,10.8,0.0,10.0,62.0,0,0,0,0,Sunny,//cdn.weatherapi.com/weather/64x64/day/113.png,1000
"CURITIBA, PARANA, BRAZIL",Curitiba,Parana,Brazil,-25.42,-49.25,America/Sao_Paulo,1703801631,2023-12-28 19:13,1703800800,2023-12-28 19:00,29.0,84.2,0,"{'text': 'Clear', 'icon': '//cdn.weatherapi.com/weather/64x64/night/113.png', 'code': 1000}",10.5,16.9,340,NNW,1014.0,29.94,0.0,0.0,43,0,33.6,92.5,10.0,6.0,6.0,15.0,24.1,2023-12-29,"{'maxtemp_c': 34.1, 'maxtemp_f': 93.3, 'mintemp_c': 17.6, 'mintemp_f': 63.7, 'avgtemp_c': 25.9, 'avgtemp_f': 78.6, 'maxwind_mph': 11.9, 'maxwind_kph': 19.1, 'totalprecip_mm': 0.34, 'totalprecip_in': 0.01, 'totalsnow_cm': 0.0, 'avgvis_km': 10.0, 'avgvis_miles': 6.0, 'avghumidity': 52.0, 'daily_will_it_rain': 0, 'daily_chance_of_rain': 68, 'daily_will_it_snow': 0, 'daily_chance_of_snow': 0, 'condition': {'text': 'Patchy rain possible', 'icon': '//cdn.weatherapi.com/weather/64x64/day/176.png', 'code': 1063}, 'uv': 6.0}",34.1,17.6,25.9,19.1,0.34,10.0,52.0,0,68,0,0,Patchy rain possible,//cdn.weatherapi.com/weather/64x64/day/176.png,1063
"CURITIBA, PARANA, BRAZIL",Curitiba,Parana,Brazil,-25.42,-49.25,America/Sao_Paulo,1703801631,2023-12-28 19:13,1703800800,2023-12-28 19:00,29.0,84.2,0,"{'text': 'Clear', 'icon': '//cdn.weatherapi.com/weather/64x64/night/113.png', 'code': 1000}",10.5,16.9,340,NNW,1014.0,29.94,0.0,0.0,43,0,33.6,92.5,10.0,6.0,6.0,15.0,24.1,2023-12-30,"{'maxtemp_c': 24.5, 'maxtemp_f': 76.1, 'mintemp_c': 17.0, 'mintemp_f': 62.5, 'avgtemp_c': 19.8, 'avgtemp_f': 67.7, 'maxwind_mph': 8.9, 'maxwind_kph': 14.4, 'totalprecip_mm': 1.35, 'totalprecip_in': 0.05, 'totalsnow_cm': 0.0, 'avgvis_km': 10.0, 'avgvis_miles': 6.0, 'avghumidity': 84.0, 'daily_will_it_rain': 1, 'daily_chance_of_rain': 86, 'daily_will_it_snow': 0, 'daily_chance_of_snow': 0, 'condition': {'text': 'Patchy rain possible', 'icon': '//cdn.weatherapi.com/weather/64x64/day/176.png', 'code': 1063}, 'uv': 4.0}",24.5,17.0,19.8,14.4,1.35,10.0,84.0,1,86,0,0,Patchy rain possible,//cdn.weatherapi.com/weather/64x64/day/176.png,1063
"FLORIANOPOLIS, SANTA CATARINA, BRAZIL",Florianopolis,Santa Catarina,Brazil,-27.58,-48.57,America/Sao_Paulo,1703801639,2023-12-28 19:13,1703800800,2023-12-28 19:00,28.0,82.4,0,"{'text': 'Clear', 'icon': '//cdn.weatherapi.com/weather/64x64/night/113.png', 'code': 1000}",16.1,25.9,350,N,1009.0,29.8,0.0,0.0,66,0,32.8,91.0,10.0,6.0,6.0,20.6,33.1,2023-12-28,"{'maxtemp_c': 29.0, 'maxtemp_f': 84.3, 'mintemp_c': 17.6, 'mintemp_f': 63.7, 'avgtemp_c': 23.5, 'avgtemp_f': 74.4, 'maxwind_mph': 13.4, 'maxwind_kph': 21.6, 'totalprecip_mm': 0.01, 'totalprecip_in': 0.0, 'totalsnow_cm': 0.0, 'avgvis_km': 10.0, 'avgvis_miles': 6.0, 'avghumidity': 72.0, 'daily_will_it_rain': 0, 'daily_chance_of_rain': 0, 'daily_will_it_snow': 0, 'daily_chance_of_snow': 0, 'condition': {'text': 'Sunny', 'icon': '//cdn.weatherapi.com/weather/64x64/day/113.png', 'code': 1000}, 'uv': 6.0}",29.0,17.6,23.5,21.6,0.01,10.0,72.0,0,0,0,0,Sunny,//cdn.weatherapi.com/weather/64x64/day/113.png,1000
"FLORIANOPOLIS, SANTA CATARINA, BRAZIL",Florianopolis,Santa Catarina,Brazil,-27.58,-48.57,America/Sao_Paulo,1703801639,2023-12-28 19:13,1703800800,2023-12-28 19:00,28.0,82.4,0,"{'text': 'Clear', 'icon': '//cdn.weatherapi.com/weather/64x64/night/113.png', 'code': 1000}",16.1,25.9,350,N,1009.0,29.8,0.0,0.0,66,0,32.8,91.0,10.0,6.0,6.0,20.6,33.1,2023-12-29,"{'maxtemp_c': 30.8, 'maxtemp_f': 87.5, 'mintemp_c': 21.8, 'mintemp_f': 71.2, 'avgtemp_c': 25.0, 'avgtemp_f': 77.1, 'maxwind_mph': 8.9, 'maxwind_kph': 14.4, 'totalprecip_mm': 0.1, 'totalprecip_in': 0.0, 'totalsnow_cm': 0.0, 'avgvis_km': 10.0, 'avgvis_miles': 6.0, 'avghumidity': 77.0, 'daily_will_it_rain': 0, 'daily_chance_of_rain': 0, 'daily_will_it_snow': 0, 'daily_chance_of_snow': 0, 'condition': {'text': 'Partly cloudy', 'icon': '//cdn.weatherapi.com/weather/64x64/day/116.png', 'code': 1003}, 'uv': 7.0}",30.8,21.8,25.0,14.4,0.1,10.0,77.0,0,0,0,0,Partly cloudy,//cdn.weatherapi.com/weather/64x64/day/116.png,1003
"FLORIANOPOLIS, SANTA CATARINA, BRAZIL",Florianopolis,Santa Catarina,Brazil,-27.58,-48.57,America/Sao_Paulo,1703801639,2023-12-28 19:13,1703800800,2023-12-28 19:00,28.0,82.4,0,"{'text': 'Clear', 'icon': '//cdn.weatherapi.com/weather/64x64/night/113.png', 'code': 1000}",16.1,25.9,350,N,1009.0,29.8,0.0,0.0,66,0,32.8,91.0,10.0,6.0,6.0,20.6,33.1,2023-12-30,"{'maxtemp_c': 26.7, 'maxtemp_f': 80.1, 'mintemp_c': 19.4, 'mintemp_f': 66.9, 'avgtemp_c': 22.6, 'avgtemp_f': 72.7, 'maxwind_mph': 14.8, 'maxwind_kph': 23.8, 'totalprecip_mm': 0.27, 'totalprecip_in': 0.01, 'totalsnow_cm': 0.0, 'avgvis_km': 10.0, 'avgvis_miles': 6.0, 'avghumidity': 73.0, 'daily_will_it_rain': 1, 'daily_chance_of_rain': 85, 'daily_will_it_snow': 0, 'daily_chance_of_snow': 0, 'condition': {'text': 'Patchy rain possible', 'icon': '//cdn.weatherapi.com/weather/64x64/day/176.png', 'code': 1063}, 'uv': 5.0}",26.7,19.4,22.6,23.8,0.27,10.0,73.0,1,85,0,0,Patchy rain possible,//cdn.weatherapi.com/weather/64x64/day/176.png,1063
"SAO LUIS, MARANHAO, BRAZIL",Sao Luis,Maranhao,Brazil,-2.52,-44.27,America/Fortaleza,1703801626,2023-12-28 19:13,1703800800,2023-12-28 19:00,28.0,82.4,0,"{'text': 'Partly cloudy', 'icon': '//cdn.weatherapi.com/weather/64x64/night/116.png', 'code': 1003}",17.4,28.1,30,NNE,1009.0,29.8,1.24,0.05,84,50,33.4,92.1,10.0,6.0,1.0,19.8,31.9,2023-12-28,"{'maxtemp_c': 29.0, 'maxtemp_f': 84.3, 'mintemp_c': 25.9, 'mintemp_f': 78.7, 'avgtemp_c': 27.3, 'avgtemp_f': 81.1, 'maxwind_mph': 15.4, 'maxwind_kph': 24.8, 'totalprecip_mm': 18.89, 'totalprecip_in': 0.74, 'totalsnow_cm': 0.0, 'avgvis_km': 9.4, 'avgvis_miles': 5.0, 'avghumidity': 84.0, 'daily_will_it_rain': 1, 'daily_chance_of_rain': 97, 'daily_will_it_snow': 0, 'daily_chance_of_snow': 0, 'condition': {'text': 'Moderate rain', 'icon': '//cdn.weatherapi.com/weather/64x64/day/302.png', 'code': 1189}, 'uv': 6.0}",29.0,25.9,27.3,24.8,18.89,9.4,84.0,1,97,0,0,Moderate rain,//cdn.weatherapi.com/weather/64x64/day/302.png,1189
"SAO LUIS, MARANHAO, BRAZIL",Sao Luis,Maranhao,Brazil,-2.52,-44.27,America/Fortaleza,1703801626,2023-12-28 19:13,1703800800,2023-12-28 19:00,28.0,82.4,0,"{'text': 'Partly cloudy', 'icon': '//cdn.weatherapi.com/weather/64x64/night/116.png', 'code': 1003}",17.4,28.1,30,NNE,1009.0,29.8,1.24,0.05,84,50,33.4,92.1,10.0,6.0,1.0,19.8,31.9,2023-12-29,"{'maxtemp_c': 29.2, 'maxtemp_f': 84.5, 'mintemp_c': 26.7, 'mintemp_f': 80.1, 'avgtemp_c': 27.7, 'avgtemp_f': 81.9, 'maxwind_mph': 17.0, 'maxwind_kph': 27.4, 'totalprecip_mm': 3.75, 'totalprecip_in': 0.15, 'totalsnow_cm': 0.0, 'avgvis_km': 9.6, 'avgvis_miles': 5.0, 'avghumidity': 82.0, 'daily_will_it_rain': 1, 'daily_chance_of_rain': 89, 'daily_will_it_snow': 0, 'daily_chance_of_snow': 0, 'condition': {'text': 'Patchy rain possible', 'icon': '//cdn.weatherapi.com/weather/64x64/day/176.png', 'code': 1063}, 'uv': 6.0}",29.2,26.7,27.7,27.4,3.75,9.6,82.0,1,89,0,0,Patchy rain possible,//cdn.weatherapi.com/weather/64x64/day/176.png,1063
"SAO LUIS, MARANHAO, BRAZIL",Sao Luis,Maranhao,Brazil,-2.52,-44.27,America/Fortaleza,1703801626,2023-12-28 19:13,1703800800,2023-12-28 19:00,28.0,82.4,0,"{'text': 'Partly cloudy', 'icon': '//cdn.weatherapi.com/weather/64x64/night/116.png', 'code': 1003}",17.4,28.1,30,NNE,1009.0,29.8,1.24,0.05,84,50,33.4,92.1,10.0,6.0,1.0,19.8,31.9,2023-12-30,"{'maxtemp_c': 29.5, 'maxtemp_f': 85.1, 'mintemp_c': 26.5, 'mintemp_f': 79.7, 'avgtemp_c': 27.8, 'avgtemp_f': 82.1, 'maxwind_mph': 14.8, 'maxwind_kph': 23.8, 'totalprecip_mm': 2.28, 'totalprecip_in': 0.09, 'totalsnow_cm': 0.0, 'avgvis_km': 9.7, 'avgvis_miles': 6.0, 'avghumidity': 79.0, 'daily_will_it_rain': 1, 'daily_chance_of_rain': 87, 'daily_will_it_snow': 0, 'daily_chance_of_snow': 0, 'condition': {'text': 'Patchy rain possible', 'icon': '//cdn.weatherapi.com/weather/64x64/day/176.png', 'code': 1063}, 'uv': 6.0}",29.5,26.5,27.8,23.8,2.28,9.7,79.0,1,87,0,0,Patchy rain possible,//cdn.weatherapi.com/weather/64x64/day/176.png,1063
"ARACAJU, SERGIPE, BRAZIL",Aracaju,Sergipe,Brazil,-10.92,-37.07,America/Maceio,1703801640,2023-12-28 19:14,1703800800,2023-12-28 19:00,28.0,82.4,0,"{'text': 'Partly cloudy', 'icon': '//cdn.weatherapi.com/weather/64x64/night/116.png', 'code': 1003}",12.5,20.2,100,E,1012.0,29.88,0.01,0.0,74,25,31.5,88.7,10.0,6.0,1.0,17.1,27.5,2023-12-28,"{'maxtemp_c': 30.1, 'maxtemp_f': 86.2, 'mintemp_c': 25.8, 'mintemp_f': 78.4, 'avgtemp_c': 27.7, 'avgtemp_f': 81.9, 'maxwind_mph': 13.6, 'maxwind_kph': 22.0, 'totalprecip_mm': 0.29, 'totalprecip_in': 0.01, 'totalsnow_cm': 0.0, 'avgvis_km': 10.0, 'avgvis_miles': 6.0, 'avghumidity': 67.0, 'daily_will_it_rain': 1, 'daily_chance_of_rain': 87, 'daily_will_it_snow': 0, 'daily_chance_of_snow': 0, 'condition': {'text': 'Patchy rain possible', 'icon': '//cdn.weatherapi.com/weather/64x64/day/176.png', 'code': 1063}, 'uv': 6.0}",30.1,25.8,27.7,22.0,0.29,10.0,67.0,1,87,0,0,Patchy rain possible,//cdn.weatherapi.com/weather/64x64/day/176.png,1063
"ARACAJU, SERGIPE, BRAZIL",Aracaju,Sergipe,Brazil,-10.92,-37.07,America/Maceio,1703801640,2023-12-28 19:14,1703800800,2023-12-28 19:00,28.0,82.4,0,"{'text': 'Partly cloudy', 'icon': '//cdn.weatherapi.com/weather/64x64/night/116.png', 'code': 1003}",12.5,20.2,100,E,1012.0,29.88,0.01,0.0,74,25,31.5,88.7,10.0,6.0,1.0,17.1,27.5,2023-12-29,"{'maxtemp_c': 30.4, 'maxtemp_f': 86.7, 'mintemp_c': 25.0, 'mintemp_f': 77.0, 'avgtemp_c': 27.1, 'avgtemp_f': 80.9, 'maxwind_mph': 12.5, 'maxwind_kph': 20.2, 'totalprecip_mm': 0.07, 'totalprecip_in': 0.0, 'totalsnow_cm': 0.0, 'avgvis_km': 10.0, 'avgvis_miles': 6.0, 'avghumidity': 68.0, 'daily_will_it_rain': 0, 'daily_chance_of_rain': 0, 'daily_will_it_snow': 0, 'daily_chance_of_snow': 0, 'condition': {'text': 'Sunny', 'icon': '//cdn.weatherapi.com/weather/64x64/day/113.png', 'code': 1000}, 'uv': 7.0}",30.4,25.0,27.1,20.2,0.07,10.0,68.0,0,0,0,0,Sunny,//cdn.weatherapi.com/weather/64x64/day/113.png,1000
"ARACAJU, SERGIPE, BRAZIL",Aracaju,Sergipe,Brazil,-10.92,-37.07,America/Maceio,1703801640,2023-12-28 19:14,1703800800,2023-12-28 19:00,28.0,82.4,0,"{'text': 'Partly cloudy', 'icon': '//cdn.weatherapi.com/weather/64x64/night/116.png', 'code': 1003}",12.5,20.2,100,E,1012.0,29.88,0.01,0.0,74,25,31.5,88.7,10.0,6.0,1.0,17.1,27.5,2023-12-30,"{'maxtemp_c': 31.1, 'maxtemp_f': 88.0, 'mintemp_c': 23.9, 'mintemp_f': 75.1, 'avgtemp_c': 27.0, 'avgtemp_f': 80.7, 'maxwind_mph': 15.2, 'maxwind_kph': 24.5, 'totalprecip_mm': 0.03, 'totalprecip_in': 0.0, 'totalsnow_cm': 0.0, 'avgvis_km': 10.0, 'avgvis_miles': 6.0, 'avghumidity': 71.0, 'daily_will_it_rain': 0, 'daily_chance_of_rain': 0, 'daily_will_it_snow': 0, 'daily_chance_of_snow': 0, 'condition': {'text': 'Sunny', 'icon': '//cdn.weatherapi.com/weather/64x64/day/113.png', 'code': 1000}, 'uv': 7.0}",31.1,23.9,27.0,24.5,0.03,10.0,71.0,0,0,0,0,Sunny,//cdn.weatherapi.com/weather/64x64/day/113.png,1000
