record_id,country,lat,localtime,localtime_epoch,lon,name,query,region,tz_id,date,day,maxtemp_c,mintemp_c,avgtemp_c,maxwind_kph,totalprecip_mm,avgvis_km,avghumidity,daily_will_it_rain,daily_chance_of_rain,daily_will_it_snow,daily_chance_of_snow,condition_text,condition_icon,condition_code
018f4eed-6158-46e3-ae68-ee9af0f73e5a,Brazil,-15.58,2023-12-28 18:14,1703801649,-56.08,Cuiaba,"CUIABA, MATO GROSSO, BRAZIL",Mato Grosso,America/Cuiaba,2023-12-28,"{'maxtemp_c': 42.5, 'maxtemp_f': 108.5, 'mintemp_c': 26.2, 'mintemp_f': 79.1, 'avgtemp_c': 32.6, 'avgtemp_f': 90.7, 'maxwind_mph': 4.0, 'maxwind_kph': 6.5, 'totalprecip_mm': 0.08, 'totalprecip_in': 0.0, 'totalsnow_cm': 0.0, 'avgvis_km': 10.0, 'avgvis_miles': 6.0, 'avghumidity': 44.0, 'daily_will_it_rain': 0, 'daily_chance_of_rain': 45, 'daily_will_it_snow': 0, 'daily_chance_of_snow': 0, 'condition': {'text': 'Patchy rain possible', 'icon': '//cdn.weatherapi.com/weather/64x64/day/176.png', 'code': 1063}, 'uv': 9.0}",42.5,26.2,32.6,6.5,0.08,10.0,44.0,0,45,0,0,Patchy rain possible,//cdn.weatherapi.com/weather/64x64/day/176.png,1063
0327084f-b4c6-4745-b26d-2a75d0d145c8,Brazil,-10.92,2023-12-28 19:14,1703801667,-37.07,Aracaju,"ARACAJU, SERGIPE, BRAZIL",Sergipe,America/Maceio,2023-12-27,"{'maxtemp_c': 30.6, 'maxtemp_f': 87.0, 'mintemp_c': 25.2, 'mintemp_f': 77.4, 'avgtemp_c': 27.5, 'avgtemp_f': 81.5, 'maxwind_mph': 15.4, 'maxwind_kph': 24.8, 'totalprecip_mm': 0.0, 'totalprecip_in': 0.0, 'totalsnow_cm': 0.0, 'avgvis_km': 10.0, 'avgvis_miles': 6.0, 'avghumidity': 77.0, 'daily_will_it_rain': 0, 'daily_chance_of_rain': 0, 'daily_will_it_snow': 0, 'daily_chance_of_snow': 0, 'condition': {'text': 'Sunny', 'icon': '//cdn.weatherapi.com/weather/64x64/day/113.png', 'code': 1000}, 'uv': 8.0}",30.6,25.2,27.5,24.8,0.0,10.0,77.0,0,0,0,0,Sunny,//cdn.weatherapi.com/weather/64x64/day/113.png,1000
05393ad3-3525-4401-992a-c1e8fc77516e,Brazil,-1.45,2023-12-28 19:13,1703801627,-48.48,Belem,"BELEM, PARA, BRAZIL",Para,America/Belem,2023-12-28,"{'maxtemp_c': 31.8, 'maxtemp_f': 89.2, 'mintemp_c': 23.8, 'mintemp_f': 74.9, 'avgtemp_c': 26.0, 'avgtemp_f': 78.8, 'maxwind_mph': 8.7, 'maxwind_kph': 14.0, 'totalprecip_mm': 10.34, 'totalprecip_in': 0.41, 'totalsnow_cm': 0.0, 'avgvis_km': 6.5, 'avgvis_miles': 4.0, 'avghumidity': 88.0, 'daily_will_it_rain': 1, 'daily_chance_of_rain': 100, 'daily_will_it_snow': 0, 'daily_chance_of_snow': 0, 'condition': {'text': 'Light rain shower', 'icon': '//cdn.weatherapi.com/weather/64x64/day/353.png', 'code': 1240}, 'uv': 7.0}",31.8,23.8,26.0,14.0,10.34,6.5,88.0,1,100,0,0,Light rain shower,//cdn.weatherapi.com/weather/64x64/day/353.png,1240
09a6c2f0-37f9-49fa-9ca5-9e2a295cb6ee,Brazil,-13.6,2023-12-28 19:13,1703801632,-41.08,Porto Velho,"PORTO VELHO, RONDÔNIA, BRAZIL",Bahia,America/Bahia,2023-12-28,"{'maxtemp_c': 35.2, 'maxtemp_f': 95.4, 'mintemp_c': 20.7, 'mintemp_f': 69.3, 'avgtemp_c': 27.1, 'avgtemp_f': 80.8, 'maxwind_mph': 12.1, 'maxwind_kph': 19.4, 'totalprecip_mm': 0.0, 'totalprecip_in': 0.0, 'totalsnow_cm': 0.0, 'avgvis_km': 10.0, 'avgvis_miles': 6.0, 'avghumidity': 52.0, 'daily_will_it_rain': 0, 'daily_chance_of_rain': 45, 'daily_will_it_snow': 0, 'daily_chance_of_snow': 0, 'condition': {'text': 'Sunny', 'icon': '//cdn.weatherapi.com/weather/64x64/day/113.png', 'code': 1000}, 'uv': 9.0}",35.2,20.7,27.1,19.4,0.0,10.0,52.0,0,45,0,0,Sunny,//cdn.weatherapi.com/weather/64x64/day/113.png,1000
0a8a1226-27df-4a07-b8f8-dcbf68dec6ee,Brazil,-3.11,2023-12-28 18:14,1703801656,-60.03,Manaus,"MANAUS, AMAZONAS, BRAZIL",Amazonas,America/Manaus,2023-12-26,"{'maxtemp_c': 30.7, 'maxtemp_f': 87.3, 'mintemp_c': 23.1, 'mintemp_f': 73.6, 'avgtemp_c': 26.4, 'avgtemp_f': 79.6, 'maxwind_mph': 4.9, 'maxwind_kph': 7.9, 'totalprecip_mm': 3.09, 'totalprecip_in': 0.12, 'totalsnow_cm': 0.0, 'avgvis_km': 7.5, 'avgvis_miles': 4.0, 'avghumidity': 83.0, 'daily_will_it_rain': 1, 'daily_chance_of_rain': 100, 'daily_will_it_snow': 0, 'daily_chance_of_snow': 0, 'condition': {'text': 'Light rain shower', 'icon': '//cdn.weatherapi.com/weather/64x64/day/353.png', 'code': 1240}, 'uv': 7.0}",30.7,23.1,26.4,7.9,3.09,7.5,83.0,1,100,0,0,Light rain shower,//cdn.weatherapi.com/weather/64x64/day/353.png,1240
0bd1cb4b-7bb2-4182-8a86-9b561ba6b011,Brazil,-19.92,2023-12-28 19:14,1703801661,-43.93,Belo Horizonte,"BELO HORIZONTE, MINAS GERAIS, BRAZIL",Minas Gerais,America/Sao_Paulo,2023-12-26,"{'maxtemp_c': 31.8, 'maxtemp_f': 89.3, 'mintemp_c': 18.9, 'mintemp_f': 66.1, 'avgtemp_c': 24.0, 'avgtemp_f': 75.2, 'maxwind_mph': 11.4, 'maxwind_kph': 18.4, 'totalprecip_mm': 5.1, 'totalprecip_in': 0.2, 'totalsnow_cm': 0.0, 'avgvis_km': 9.3, 'avgvis_miles': 5.0, 'avghumidity': 77.0, 'daily_will_it_rain': 1, 'daily_chance_of_rain': 100, 'daily_will_it_snow': 0, 'daily_chance_of_snow': 0, 'condition': {'text': 'Light rain shower', 'icon': '//cdn.weatherapi.com/weather/64x64/day/353.png', 'code': 1240}, 'uv': 7.0}",31.8,18.9,24.0,18.4,5.1,9.3,77.0,1,100,0,0,Light rain shower,//cdn.weatherapi.com/weather/64x64/day/353.png,1240
0dfaa272-280e-430b-9521-f93f2b83ca86,Brazil,-23.53,2023-12-28 19:13,1703801634,-46.62,Sao Paulo,"SAO PAULO, SAO PAULO, BRAZIL",Sao Paulo,America/Sao_Paulo,2023-12-28,"{'maxtemp_c': 34.9, 'maxtemp_f': 94.8, 'mintemp_c': 17.6, 'mintemp_f': 63.6, 'avgtemp_c': 25.1, 'avgtemp_f': 77.1, 'maxwind_mph': 10.7, 'maxwind_kph': 17.3, 'totalprecip_mm': 0.0, 'totalprecip_in': 0.0, 'totalsnow_cm': 0.0, 'avgvis_km': 10.0, 'avgvis_miles': 6.0, 'avghumidity': 64.0, 'daily_will_it_rain': 0, 'daily_chance_of_rain': 45, 'daily_will_it_snow': 0, 'daily_chance_of_snow': 0, 'condition': {'text': 'Cloudy', 'icon': '//cdn.weatherapi.com/weather/64x64/day/119.png', 'code': 1006}, 'uv': 7.0}",34.9,17.6,25.1,17.3,0.0,10.0,64.0,0,45,0,0,Cloudy,//cdn.weatherapi.com/weather/64x64/day/119.png,1006
1009eca7-c668-4045-afd4-4f05db4be91a,Brazil,-30.03,2023-12-28 19:14,1703801649,-51.2,Porto Alegre,"PORTO ALEGRE, RIO GRANDE DO SUL, BRAZIL",Rio Grande do Sul,America/Sao_Paulo,2023-12-27,"{'maxtemp_c': 27.1, 'maxtemp_f': 80.9, 'mintemp_c': 16.9, 'mintemp_f': 62.3, 'avgtemp_c': 21.9, 'avgtemp_f': 71.4, 'maxwind_mph': 11.6, 'maxwind_kph': 18.7, 'totalprecip_mm': 0.0, 'totalprecip_in': 0.0, 'totalsnow_cm': 0.0, 'avgvis_km': 10.0, 'avgvis_miles': 6.0, 'avghumidity': 61.0, 'daily_will_it_rain': 0, 'daily_chance_of_rain': 0, 'daily_will_it_snow': 0, 'daily_chance_of_snow': 0, 'condition': {'text': 'Partly cloudy', 'icon': '//cdn.weatherapi.com/weather/64x64/day/116.png', 'code': 1003}, 'uv': 7.0}",27.1,16.9,21.9,18.7,0.0,10.0,61.0,0,0,0,0,Partly cloudy,//cdn.weatherapi.com/weather/64x64/day/116.png,1003
10a68b5a-adb6-4445-b059-374c3ff47ac0,Brazil,2.82,2023-12-28 18:13,1703801633,-60.67,Boa Vista,"BOA VISTA, RORAIMA, BRAZIL",Roraima,America/Boa_Vista,2023-12-28,"{'maxtemp_c': 34.5, 'maxtemp_f': 94.1, 'mintemp_c': 25.2, 'mintemp_f': 77.3, 'avgtemp_c': 29.4, 'avgtemp_f': 85.0, 'maxwind_mph': 10.1, 'maxwind_kph': 16.2, 'totalprecip_mm': 1.49, 'totalprecip_in': 0.06, 'totalsnow_cm': 0.0, 'avgvis_km': 9.8, 'avgvis_miles': 6.0, 'avghumidity': 63.0, 'daily_will_it_rain': 1, 'daily_chance_of_rain': 100, 'daily_will_it_snow': 0, 'daily_chance_of_snow': 0, 'condition': {'text': 'Patchy rain possible', 'icon': '//cdn.weatherapi.com/weather/64x64/day/176.png', 'code': 1063}, 'uv': 7.0}",34.5,25.2,29.4,16.2,1.49,9.8,63.0,1,100,0,0,Patchy rain possible,//cdn.weatherapi.com/weather/64x64/day/176.png,1063
10d1efc4-f52a-4664-a812-0930230420a0,Brazil,-3.32,2023-12-28 19:14,1703801681,-41.42,Fortaleza,"FORTALEZA, CEARA, BRAZIL",Ceara,America/Fortaleza,2023-12-26,"{'maxtemp_c': 35.2, 'maxtemp_f': 95.3, 'mintemp_c': 23.0, 'mintemp_f': 73.4, 'avgtemp_c': 27.6, 'avgtemp_f': 81.7, 'maxwind_mph': 8.7, 'maxwind_kph': 14.0, 'totalprecip_mm': 5.37, 'totalprecip_in': 0.21, 'totalsnow_cm': 0.0, 'avgvis_km': 9.7, 'avgvis_miles': 6.0, 'avghumidity': 66.0, 'daily_will_it_rain': 1, 'daily_chance_of_rain': 100, 'daily_will_it_snow': 0, 'daily_chance_of_snow': 0, 'condition': {'text': 'Patchy light drizzle', 'icon': '//cdn.weatherapi.com/weather/64x64/day/263.png', 'code': 1150}, 'uv': 8.0}",35.2,23.0,27.6,14.0,5.37,9.7,66.0,1,100,0,0,Patchy light drizzle,//cdn.weatherapi.com/weather/64x64/day/263.png,1150
199b8a3c-624d-49b0-b515-1fde43ff8e08,Brazil,-9.97,2023-12-28 17:13,1703801636,-67.8,Rio Branco,"RIO BRANCO, ACRE, BRAZIL",Acre,America/Rio_Branco,2023-12-27,"{'maxtemp_c': 33.8, 'maxtemp_f': 92.8, 'mintemp_c': 22.3, 'mintemp_f': 72.2, 'avgtemp_c': 27.2, 'avgtemp_f': 81.0, 'maxwind_mph': 4.7, 'maxwind_kph': 7.6, 'totalprecip_mm': 0.13, 'totalprecip_in': 0.01, 'totalsnow_cm': 0.0, 'avgvis_km': 9.3, 'avgvis_miles': 5.0, 'avghumidity': 72.0, 'daily_will_it_rain': 1, 'daily_chance_of_rain': 100, 'daily_will_it_snow': 0, 'daily_chance_of_snow': 0, 'condition': {'text': 'Mist', 'icon': '//cdn.weatherapi.com/weather/64x64/day/143.png', 'code': 1030}, 'uv': 7.0}",33.8,22.3,27.2,7.6,0.13,9.3,72.0,1,100,0,0,Mist,//cdn.weatherapi.com/weather/64x64/day/143.png,1030
2280cddf-0413-45a3-96b6-d6bf00b0bf00,Brazil,-12.98,2023-12-28 19:14,1703801657,-38.52,Salvador,"SALVADOR, BAHIA, BRAZIL",Bahia,America/Bahia,2023-12-26,"{'maxtemp_c': 27.7, 'maxtemp_f': 81.9, 'mintemp_c': 26.3, 'mintemp_f': 79.3, 'avgtemp_c': 27.0, 'avgtemp_f': 80.7, 'maxwind_mph': 19.0, 'maxwind_kph': 30.6, 'totalprecip_mm': 0.22, 'totalprecip_in': 0.01, 'totalsnow_cm': 0.0, 'avgvis_km': 10.0, 'avgvis_miles': 6.0, 'avghumidity': 79.0, 'daily_will_it_rain': 1, 'daily_chance_of_rain': 100, 'daily_will_it_snow': 0, 'daily_chance_of_snow': 0, 'condition': {'text': 'Patchy rain possible', 'icon': '//cdn.weatherapi.com/weather/64x64/day/176.png', 'code': 1063}, 'uv': 6.0}",27.7,26.3,27.0,30.6,0.22,10.0,79.0,1,100,0,0,Patchy rain possible,//cdn.weatherapi.com/weather/64x64/day/176.png,1063
24627fd2-d2be-414c-8e43-e9c06906eb09,Brazil,2.82,2023-12-28 18:14,1703801664,-60.67,Boa Vista,"BOA VISTA, RORAIMA, BRAZIL",Roraima,America/Boa_Vista,2023-12-27,"{'maxtemp_c': 34.0, 'maxtemp_f': 93.3, 'mintemp_c': 24.6, 'mintemp_f': 76.2, 'avgtemp_c': 29.2, 'avgtemp_f': 84.5, 'maxwind_mph': 8.5, 'maxwind_kph': 13.7, 'totalprecip_mm': 1.09, 'totalprecip_in': 0.04, 'totalsnow_cm': 0.0, 'avgvis_km': 10.0, 'avgvis_miles': 6.0, 'avghumidity': 62.0, 'daily_will_it_rain': 1, 'daily_chance_of_rain': 100, 'daily_will_it_snow': 0, 'daily_chance_of_snow': 0, 'condition': {'text': 'Patchy rain possible', 'icon': '//cdn.weatherapi.com/weather/64x64/day/176.png', 'code': 1063}, 'uv': 7.0}",34.0,24.6,29.2,13.7,1.09,10.0,62.0,1,100,0,0,Patchy rain possible,//cdn.weatherapi.com/weather/64x64/day/176.png,1063
256123aa-805b-4263-9fe1-ccecdd41b38f,Brazil,-9.67,2023-12-28 19:14,1703801644,-35.72,Maceio,"MACEIO, ALAGOAS, BRAZIL",Alagoas,America/Maceio,2023-12-28,"{'maxtemp_c': 31.7, 'maxtemp_f': 89.0, 'mintemp_c': 22.8, 'mintemp_f': 73.0, 'avgtemp_c': 26.3, 'avgtemp_f': 79.4, 'maxwind_mph': 11.6, 'maxwind_kph': 18.7, 'totalprecip_mm': 0.47, 'totalprecip_in': 0.02, 'totalsnow_cm': 0.0, 'avgvis_km': 10.0, 'avgvis_miles': 6.0, 'avghumidity': 73.0, 'daily_will_it_rain': 1, 'daily_chance_of_rain': 100, 'daily_will_it_snow': 0, 'daily_chance_of_snow': 0, 'condition': {'text': 'Patchy rain possible', 'icon': '//cdn.weatherapi.com/weather/64x64/day/176.png', 'code': 1063}, 'uv': 7.0}",31.7,22.8,26.3,18.7,0.47,10.0,73.0,1,100,0,0,Patchy rain possible,//cdn.weatherapi.com/weather/64x64/day/176.png,1063
25e8aff7-ad31-47e2-b2f6-6d1e5141e197,Brazil,-9.67,2023-12-28 19:14,1703801655,-35.72,Maceio,"MACEIO, ALAGOAS, BRAZIL",Alagoas,America/Maceio,2023-12-26,"{'maxtemp_c': 31.2, 'maxtemp_f': 88.1, 'mintemp_c': 23.7, 'mintemp_f': 74.6, 'avgtemp_c': 26.7, 'avgtemp_f': 80.1, 'maxwind_mph': 10.5, 'maxwind_kph': 16.9, 'totalprecip_mm': 0.87, 'totalprecip_in': 0.03, 'totalsnow_cm': 0.0, 'avgvis_km': 10.0, 'avgvis_miles': 6.0, 'avghumidity': 78.0, 'daily_will_it_rain': 1, 'daily_chance_of_rain': 100, 'daily_will_it_snow': 0, 'daily_chance_of_snow': 0, 'condition': {'text': 'Patchy rain possible', 'icon': '//cdn.weatherapi.com/weather/64x64/day/176.png', 'code': 1063}, 'uv': 7.0}",31.2,23.7,26.7,16.9,0.87,10.0,78.0,1,100,0,0,Patchy rain possible,//cdn.weatherapi.com/weather/64x64/day/176.png,1063
29c5e5a9-7996-4ce1-95db-481b6e9a0ceb,Brazil,-19.92,2023-12-28 19:14,1703801667,-43.93,Belo Horizonte,"BELO HORIZONTE, MINAS GERAIS, BRAZIL",Minas Gerais,America/Sao_Paulo,2023-12-27,"{'maxtemp_c': 29.6, 'maxtemp_f': 85.3, 'mintemp_c': 20.0, 'mintemp_f': 68.0, 'avgtemp_c': 23.3, 'avgtemp_f': 73.9, 'maxwind_mph': 8.5, 'maxwind_kph': 13.7, 'totalprecip_mm': 17.72, 'totalprecip_in': 0.7, 'totalsnow_cm': 0.0, 'avgvis_km': 5.9, 'avgvis_miles': 3.0, 'avghumidity': 83.0, 'daily_will_it_rain': 1, 'daily_chance_of_rain': 100, 'daily_will_it_snow': 0, 'daily_chance_of_snow': 0, 'condition': {'text': 'Heavy rain', 'icon': '//cdn.weatherapi.com/weather/64x64/day/308.png', 'code': 1195}, 'uv': 6.0}",29.6,20.0,23.3,13.7,17.72,5.9,83.0,1,100,0,0,Heavy rain,//cdn.weatherapi.com/weather/64x64/day/308.png,1195
3918308b-6e99-45ea-9d4a-e9befba2588b,Brazil,-3.11,2023-12-28 18:10,1703801433,-60.03,Manaus,"MANAUS, AMAZONAS, BRAZIL",Amazonas,America/Manaus,2023-12-27,"{'maxtemp_c': 32.3, 'maxtemp_f': 90.2, 'mintemp_c': 22.9, 'mintemp_f': 73.2, 'avgtemp_c': 27.3, 'avgtemp_f': 81.1, 'maxwind_mph': 4.3, 'maxwind_kph': 6.8, 'totalprecip_mm': 0.72, 'totalprecip_in': 0.03, 'totalsnow_cm': 0.0, 'avgvis_km': 7.7, 'avgvis_miles': 4.0, 'avghumidity': 78.0, 'daily_will_it_rain': 1, 'daily_chance_of_rain': 100, 'daily_will_it_snow': 0, 'daily_chance_of_snow': 0, 'condition': {'text': 'Light rain shower', 'icon': '//cdn.weatherapi.com/weather/64x64/day/353.png', 'code': 1240}, 'uv': 7.0}",32.3,22.9,27.3,6.8,0.72,7.7,78.0,1,100,0,0,Light rain shower,//cdn.weatherapi.com/weather/64x64/day/353.png,1240
3ba3669b-c22d-4f42-bbb4-ca3a8ae7e532,Brazil,-10.22,2023-12-28 19:14,1703801654,-48.28,Palmas,"PALMAS, TOCANTINS, BRAZIL",Tocantins,America/Araguaina,2023-12-27,"{'maxtemp_c': 38.7, 'maxtemp_f': 101.7, 'mintemp_c': 24.8, 'mintemp_f': 76.6, 'avgtemp_c': 29.3, 'avgtemp_f': 84.8, 'maxwind_mph': 8.7, 'maxwind_kph': 14.0, 'totalprecip_mm': 2.08, 'totalprecip_in': 0.08, 'totalsnow_cm': 0.0, 'avgvis_km': 9.8, 'avgvis_miles': 6.0, 'avghumidity': 55.0, 'daily_will_it_rain': 1, 'daily_chance_of_rain': 100, 'daily_will_it_snow': 0, 'daily_chance_of_snow': 0, 'condition': {'text': 'Patchy rain possible', 'icon': '//cdn.weatherapi.com/weather/64x64/day/176.png', 'code': 1063}, 'uv': 8.0}",38.7,24.8,29.3,14.0,2.08,9.8,55.0,1,100,0,0,Patchy rain possible,//cdn.weatherapi.com/weather/64x64/day/176.png,1063
3e2a204f-09a4-4435-8632-b1c0e12ad883,Brazil,-27.58,2023-12-28 19:13,1703801633,-48.57,Florianopolis,"FLORIANOPOLIS, SANTA CATARINA, BRAZIL",Santa Catarina,America/Sao_Paulo,2023-12-28,"{'maxtemp_c': 28.8, 'maxtemp_f': 83.9, 'mintemp_c': 20.5, 'mintemp_f': 68.8, 'avgtemp_c': 23.9, 'avgtemp_f': 75.1, 'maxwind_mph': 15.9, 'maxwind_kph': 25.6, 'totalprecip_mm': 0.06, 'totalprecip_in': 0.0, 'totalsnow_cm': 0.0, 'avgvis_km': 10.0, 'avgvis_miles': 6.0, 'avghumidity': 69.0, 'daily_will_it_rain': 0, 'daily_chance_of_rain': 45, 'daily_will_it_snow': 0, 'daily_chance_of_snow': 0, 'condition': {'text': 'Patchy rain possible', 'icon': '//cdn.weatherapi.com/weather/64x64/day/176.png', 'code': 1063}, 'uv': 6.0}",28.8,20.5,23.9,25.6,0.06,10.0,69.0,0,45,0,0,Patchy rain possible,//cdn.weatherapi.com/weather/64x64/day/176.png,1063
3f3a7dba-9b21-4144-adeb-6363cceea60b,Brazil,-7.12,2023-12-28 19:14,1703801663,-34.87,Joao Pessoa,"JOAO PESSOA, PARAIBA, BRAZIL",Paraiba,America/Fortaleza,2023-12-26,"{'maxtemp_c': 29.8, 'maxtemp_f': 85.6, 'mintemp_c': 25.6, 'mintemp_f': 78.0, 'avgtemp_c': 27.5, 'avgtemp_f': 81.5, 'maxwind_mph': 13.4, 'maxwind_kph': 21.6, 'totalprecip_mm': 1.74, 'totalprecip_in': 0.07, 'totalsnow_cm': 0.0, 'avgvis_km': 10.0, 'avgvis_miles': 6.0, 'avghumidity': 79.0, 'daily_will_it_rain': 1, 'daily_chance_of_rain': 100, 'daily_will_it_snow': 0, 'daily_chance_of_snow': 0, 'condition': {'text': 'Light rain shower', 'icon': '//cdn.weatherapi.com/weather/64x64/day/353.png', 'code': 1240}, 'uv': 6.0}",29.8,25.6,27.5,21.6,1.74,10.0,79.0,1,100,0,0,Light rain shower,//cdn.weatherapi.com/weather/64x64/day/353.png,1240
423dc2a2-cdc6-424a-bb1d-5495beb17180,Brazil,-2.52,2023-12-28 19:14,1703801642,-44.27,Sao Luis,"SAO LUIS, MARANHAO, BRAZIL",Maranhao,America/Fortaleza,2023-12-27,"{'maxtemp_c': 30.0, 'maxtemp_f': 85.9, 'mintemp_c': 26.6, 'mintemp_f': 79.8, 'avgtemp_c': 28.0, 'avgtemp_f': 82.3, 'maxwind_mph': 15.7, 'maxwind_kph': 25.2, 'totalprecip_mm': 4.56, 'totalprecip_in': 0.18, 'totalsnow_cm': 0.0, 'avgvis_km': 9.7, 'avgvis_miles': 6.0, 'avghumidity': 79.0, 'daily_will_it_rain': 1, 'daily_chance_of_rain': 100, 'daily_will_it_snow': 0, 'daily_chance_of_snow': 0, 'condition': {'text': 'Patchy rain possible', 'icon': '//cdn.weatherapi.com/weather/64x64/day/176.png', 'code': 1063}, 'uv': 6.0}",30.0,26.6,28.0,25.2,4.56,9.7,79.0,1,100,0,0,Patchy rain possible,//cdn.weatherapi.com/weather/64x64/day/176.png,1063
42c244ea-3dc7-40ff-9181-9ec548c63f6a,Brazil,-12.98,2023-12-28 19:14,1703801652,-38.52,Salvador,"SALVADOR, BAHIA, BRAZIL",Bahia,America/Bahia,2023-12-27,"{'maxtemp_c': 28.0, 'maxtemp_f': 82.4, 'mintemp_c': 25.2, 'mintemp_f': 77.4, 'avgtemp_c': 26.7, 'avgtemp_f': 80.1, 'maxwind_mph': 20.6, 'maxwind_kph': 33.1, 'totalprecip_mm': 0.01, 'totalprecip_in': 0.0, 'totalsnow_cm': 0.0, 'avgvis_km': 10.0, 'avgvis_miles': 6.0, 'avghumidity': 81.0, 'daily_will_it_rain': 0, 'daily_chance_of_rain': 45, 'daily_will_it_snow': 0, 'daily_chance_of_snow': 0, 'condition': {'text': 'Partly cloudy', 'icon': '//cdn.weatherapi.com/weather/64x64/day/116.png', 'code': 1003}, 'uv': 7.0}",28.0,25.2,26.7,33.1,0.01,10.0,81.0,0,45,0,0,Partly cloudy,//cdn.weatherapi.com/weather/64x64/day/116.png,1003
43102a31-1ac7-4658-aa3b-e3ec16a20a48,Brazil,-5.78,2023-12-28 19:13,1703801631,-35.22,Natal,"NATAL, RIO GRANDE DO NORTE, BRAZIL",Rio Grande do Norte,America/Fortaleza,2023-12-28,"{'maxtemp_c': 29.9, 'maxtemp_f': 85.8, 'mintemp_c': 26.0, 'mintemp_f': 78.7, 'avgtemp_c': 27.2, 'avgtemp_f': 81.0, 'maxwind_mph': 12.8, 'maxwind_kph': 20.5, 'totalprecip_mm': 0.2, 'totalprecip_in': 0.01, 'totalsnow_cm': 0.0, 'avgvis_km': 10.0, 'avgvis_miles': 6.0, 'avghumidity': 72.0, 'daily_will_it_rain': 1, 'daily_chance_of_rain': 100, 'daily_will_it_snow': 0, 'daily_chance_of_snow': 0, 'condition': {'text': 'Patchy rain possible', 'icon': '//cdn.weatherapi.com/weather/64x64/day/176.png', 'code': 1063}, 'uv': 6.0}",29.9,26.0,27.2,20.5,0.2,10.0,72.0,1,100,0,0,Patchy rain possible,//cdn.weatherapi.com/weather/64x64/day/176.png,1063
4317ce7c-35cd-44cc-ae41-112c28c03ac5,Brazil,-9.67,2023-12-28 19:13,1703801637,-35.72,Maceio,"MACEIO, ALAGOAS, BRAZIL",Alagoas,America/Maceio,2023-12-27,"{'maxtemp_c': 32.9, 'maxtemp_f': 91.2, 'mintemp_c': 22.7, 'mintemp_f': 72.8, 'avgtemp_c': 27.2, 'avgtemp_f': 80.9, 'maxwind_mph': 13.0, 'maxwind_kph': 20.9, 'totalprecip_mm': 0.04, 'totalprecip_in': 0.0, 'totalsnow_cm': 0.0, 'avgvis_km': 10.0, 'avgvis_miles': 6.0, 'avghumidity': 72.0, 'daily_will_it_rain': 0, 'daily_chance_of_rain': 45, 'daily_will_it_snow': 0, 'daily_chance_of_snow': 0, 'condition': {'text': 'Patchy rain possible', 'icon': '//cdn.weatherapi.com/weather/64x64/day/176.png', 'code': 1063}, 'uv': 7.0}",32.9,22.7,27.2,20.9,0.04,10.0,72.0,0,45,0,0,Patchy rain possible,//cdn.weatherapi.com/weather/64x64/day/176.png,1063
48473523-f3e9-44eb-ad4e-863fde5acf0c,Brazil,-20.45,2023-12-28 18:14,1703801661,-54.62,Campo Grande,"CAMPO GRANDE, MATO GROSSO DO SUL, BRAZIL",Mato Grosso do Sul,America/Campo_Grande,2023-12-26,"{'maxtemp_c': 37.2, 'maxtemp_f': 99.0, 'mintemp_c': 23.3, 'mintemp_f': 73.9, 'avgtemp_c': 29.0, 'avgtemp_f': 84.2, 'maxwind_mph': 9.6, 'maxwind_kph': 15.5, 'totalprecip_mm': 2.71, 'totalprecip_in': 0.11, 'totalsnow_cm': 0.0, 'avgvis_km': 9.8, 'avgvis_miles': 6.0, 'avghumidity': 57.0, 'daily_will_it_rain': 1, 'daily_chance_of_rain': 100, 'daily_will_it_snow': 0, 'daily_chance_of_snow': 0, 'condition': {'text': 'Patchy rain possible', 'icon': '//cdn.weatherapi.com/weather/64x64/day/176.png', 'code': 1063}, 'uv': 8.0}",37.2,23.3,29.0,15.5,2.71,9.8,57.0,1,100,0,0,Patchy rain possible,//cdn.weatherapi.com/weather/64x64/day/176.png,1063
4abeac96-e22c-4674-a16c-e53e325490e7,Brazil,-3.11,2023-12-28 18:10,1703801431,-60.03,Manaus,"MANAUS, AMAZONAS, BRAZIL",Amazonas,America/Manaus,2023-12-28,"{'maxtemp_c': 33.2, 'maxtemp_f': 91.7, 'mintemp_c': 25.0, 'mintemp_f': 77.0, 'avgtemp_c': 28.1, 'avgtemp_f': 82.7, 'maxwind_mph': 5.4, 'maxwind_kph': 8.6, 'totalprecip_mm': 5.14, 'totalprecip_in': 0.2, 'totalsnow_cm': 0.0, 'avgvis_km': 9.8, 'avgvis_miles': 6.0, 'avghumidity': 77.0, 'daily_will_it_rain': 1, 'daily_chance_of_rain': 100, 'daily_will_it_snow': 0, 'daily_chance_of_snow': 0, 'condition': {'text': 'Light rain shower', 'icon': '//cdn.weatherapi.com/weather/64x64/day/353.png', 'code': 1240}, 'uv': 7.0}",33.2,25.0,28.1,8.6,5.14,9.8,77.0,1,100,0,0,Light rain shower,//cdn.weatherapi.com/weather/64x64/day/353.png,1240
4e61254a-3e7f-4ad1-9123-58af3f58916a,Brazil,-15.58,2023-12-28 18:14,1703801642,-56.08,Cuiaba,"CUIABA, MATO GROSSO, BRAZIL",Mato Grosso,America/Cuiaba,2023-12-27,"{'maxtemp_c': 40.1, 'maxtemp_f': 104.1, 'mintemp_c': 22.4, 'mintemp_f': 72.3, 'avgtemp_c': 28.2, 'avgtemp_f': 82.7, 'maxwind_mph': 11.2, 'maxwind_kph': 18.0, 'totalprecip_mm': 5.27, 'totalprecip_in': 0.21, 'totalsnow_cm': 0.0, 'avgvis_km': 9.1, 'avgvis_miles': 5.0, 'avghumidity': 71.0, 'daily_will_it_rain': 1, 'daily_chance_of_rain': 100, 'daily_will_it_snow': 0, 'daily_chance_of_snow': 0, 'condition': {'text': 'Patchy light drizzle', 'icon': '//cdn.weatherapi.com/weather/64x64/day/263.png', 'code': 1150}, 'uv': 9.0}",40.1,22.4,28.2,18.0,5.27,9.1,71.0,1,100,0,0,Patchy light drizzle,//cdn.weatherapi.com/weather/64x64/day/263.png,1150
51e4890d-c95b-44a9-8f08-f42d92c6c61d,Brazil,-20.32,2023-12-28 19:14,1703801640,-40.35,Vitoria,"VITORIA, ESPIRITO SANTO, BRAZIL",Espirito Santo,America/Sao_Paulo,2023-12-27,"{'maxtemp_c': 26.6, 'maxtemp_f': 79.9, 'mintemp_c': 23.6, 'mintemp_f': 74.5, 'avgtemp_c': 24.9, 'avgtemp_f': 76.7, 'maxwind_mph': 11.9, 'maxwind_kph': 19.1, 'totalprecip_mm': 3.38, 'totalprecip_in': 0.13, 'totalsnow_cm': 0.0, 'avgvis_km': 10.0, 'avgvis_miles': 6.0, 'avghumidity': 83.0, 'daily_will_it_rain': 1, 'daily_chance_of_rain': 100, 'daily_will_it_snow': 0, 'daily_chance_of_snow': 0, 'condition': {'text': 'Light rain shower', 'icon': '//cdn.weatherapi.com/weather/64x64/day/353.png', 'code': 1240}, 'uv': 6.0}",26.6,23.6,24.9,19.1,3.38,10.0,83.0,1,100,0,0,Light rain shower,//cdn.weatherapi.com/weather/64x64/day/353.png,1240
5a355306-b824-4bb7-9ad1-ff6021562522,Brazil,-13.6,2023-12-28 19:14,1703801650,-41.08,Porto Velho,"PORTO VELHO, RONDÔNIA, BRAZIL",Bahia,America/Bahia,2023-12-27,"{'maxtemp_c': 37.4, 'maxtemp_f': 99.3, 'mintemp_c': 22.1, 'mintemp_f': 71.8, 'avgtemp_c': 28.6, 'avgtemp_f': 83.5, 'maxwind_mph': 9.2, 'maxwind_kph': 14.8, 'totalprecip_mm': 0.0, 'totalprecip_in': 0.0, 'totalsnow_cm': 0.0, 'avgvis_km': 10.0, 'avgvis_miles': 6.0, 'avghumidity': 43.0, 'daily_will_it_rain': 0, 'daily_chance_of_rain': 45, 'daily_will_it_snow': 0, 'daily_chance_of_snow': 0, 'condition': {'text': 'Sunny', 'icon': '//cdn.weatherapi.com/weather/64x64/day/113.png', 'code': 1000}, 'uv': 9.0}",37.4,22.1,28.6,14.8,0.0,10.0,43.0,0,45,0,0,Sunny,//cdn.weatherapi.com/weather/64x64/day/113.png,1000
5b1a45a8-d0ed-4499-b571-8c5bbbc3d9e6,Brazil,-19.92,2023-12-28 19:13,1703801627,-43.93,Belo Horizonte,"BELO HORIZONTE, MINAS GERAIS, BRAZIL",Minas Gerais,America/Sao_Paulo,2023-12-28,"{'maxtemp_c': 27.9, 'maxtemp_f': 82.3, 'mintemp_c': 18.8, 'mintemp_f': 65.8, 'avgtemp_c': 22.7, 'avgtemp_f': 72.8, 'maxwind_mph': 6.9, 'maxwind_kph': 11.2, 'totalprecip_mm': 3.16, 'totalprecip_in': 0.12, 'totalsnow_cm': 0.0, 'avgvis_km': 6.0, 'avgvis_miles': 3.0, 'avghumidity': 83.0, 'daily_will_it_rain': 1, 'daily_chance_of_rain': 100, 'daily_will_it_snow': 0, 'daily_chance_of_snow': 0, 'condition': {'text': 'Patchy light rain', 'icon': '//cdn.weatherapi.com/weather/64x64/day/293.png', 'code': 1180}, 'uv': 6.0}",27.9,18.8,22.7,11.2,3.16,6.0,83.0,1,100,0,0,Patchy light rain,//cdn.weatherapi.com/weather/64x64/day/293.png,1180
5e72be39-ec43-4e2a-b155-0689b67d38b1,Brazil,-5.78,2023-12-28 19:14,1703801680,-35.22,Natal,"NATAL, RIO GRANDE DO NORTE, BRAZIL",Rio Grande do Norte,America/Fortaleza,2023-12-26,"{'maxtemp_c': 29.8, 'maxtemp_f': 85.7, 'mintemp_c': 25.6, 'mintemp_f': 78.0, 'avgtemp_c': 27.5, 'avgtemp_f': 81.4, 'maxwind_mph': 12.1, 'maxwind_kph': 19.4, 'totalprecip_mm': 3.29, 'totalprecip_in': 0.13, 'totalsnow_cm': 0.0, 'avgvis_km': 9.7, 'avgvis_miles': 6.0, 'avghumidity': 78.0, 'daily_will_it_rain': 1, 'daily_chance_of_rain': 100, 'daily_will_it_snow': 0, 'daily_chance_of_snow': 0, 'condition': {'text': 'Light rain shower', 'icon': '//cdn.weatherapi.com/weather/64x64/day/353.png', 'code': 1240}, 'uv': 6.0}",29.8,25.6,27.5,19.4,3.29,9.7,78.0,1,100,0,0,Light rain shower,//cdn.weatherapi.com/weather/64x64/day/353.png,1240
604f2a2c-d7e7-40a5-b574-966815ae1206,Brazil,-25.42,2023-12-28 19:14,1703801659,-49.25,Curitiba,"CURITIBA, PARANA, BRAZIL",Parana,America/Sao_Paulo,2023-12-27,"{'maxtemp_c': 28.3, 'maxtemp_f': 82.9, 'mintemp_c': 15.6, 'mintemp_f': 60.1, 'avgtemp_c': 19.9, 'avgtemp_f': 67.8, 'maxwind_mph': 8.7, 'maxwind_kph': 14.0, 'totalprecip_mm': 0.34, 'totalprecip_in': 0.01, 'totalsnow_cm': 0.0, 'avgvis_km': 10.0, 'avgvis_miles': 6.0, 'avghumidity': 75.0, 'daily_will_it_rain': 1, 'daily_chance_of_rain': 100, 'daily_will_it_snow': 0, 'daily_chance_of_snow': 0, 'condition': {'text': 'Patchy rain possible', 'icon': '//cdn.weatherapi.com/weather/64x64/day/176.png', 'code': 1063}, 'uv': 6.0}",28.3,15.6,19.9,14.0,0.34,10.0,75.0,1,100,0,0,Patchy rain possible,//cdn.weatherapi.com/weather/64x64/day/176.png,1063
64569fc7-4359-476d-9b67-edeac65e411b,Brazil,-1.45,2023-12-28 19:14,1703801661,-48.48,Belem,"BELEM, PARA, BRAZIL",Para,America/Belem,2023-12-26,"{'maxtemp_c': 33.2, 'maxtemp_f': 91.8, 'mintemp_c': 24.3, 'mintemp_f': 75.8, 'avgtemp_c': 27.6, 'avgtemp_f': 81.6, 'maxwind_mph': 9.4, 'maxwind_kph': 15.1, 'totalprecip_mm': 2.27, 'totalprecip_in': 0.09, 'totalsnow_cm': 0.0, 'avgvis_km': 9.2, 'avgvis_miles': 5.0, 'avghumidity': 79.0, 'daily_will_it_rain': 1, 'daily_chance_of_rain': 100, 'daily_will_it_snow': 0, 'daily_chance_of_snow': 0, 'condition': {'text': 'Patchy light rain with thunder', 'icon': '//cdn.weatherapi.com/weather/64x64/day/386.png', 'code': 1273}, 'uv': 7.0}",33.2,24.3,27.6,15.1,2.27,9.2,79.0,1,100,0,0,Patchy light rain with thunder,//cdn.weatherapi.com/weather/64x64/day/386.png,1273
6506a1d7-4c79-4661-b2db-901ff4add321,Brazil,-27.58,2023-12-28 19:14,1703801669,-48.57,Florianopolis,"FLORIANOPOLIS, SANTA CATARINA, BRAZIL",Santa Catarina,America/Sao_Paulo,2023-12-26,"{'maxtemp_c': 25.5, 'maxtemp_f': 77.9, 'mintemp_c': 20.6, 'mintemp_f': 69.0, 'avgtemp_c': 22.7, 'avgtemp_f': 72.9, 'maxwind_mph': 17.2, 'maxwind_kph': 27.7, 'totalprecip_mm': 0.77, 'totalprecip_in': 0.03, 'totalsnow_cm': 0.0, 'avgvis_km': 10.0, 'avgvis_miles': 6.0, 'avghumidity': 75.0, 'daily_will_it_rain': 1, 'daily_chance_of_rain': 100, 'daily_will_it_snow': 0, 'daily_chance_of_snow': 0, 'condition': {'text': 'Patchy rain possible', 'icon': '//cdn.weatherapi.com/weather/64x64/day/176.png', 'code': 1063}, 'uv': 6.0}",25.5,20.6,22.7,27.7,0.77,10.0,75.0,1,100,0,0,Patchy rain possible,//cdn.weatherapi.com/weather/64x64/day/176.png,1063
679c714c-dfa5-4aef-b75d-76c9865f3c70,Brazil,-20.32,2023-12-28 19:14,1703801647,-40.35,Vitoria,"VITORIA, ESPIRITO SANTO, BRAZIL",Espirito Santo,America/Sao_Paulo,2023-12-28,"{'maxtemp_c': 26.2, 'maxtemp_f': 79.2, 'mintemp_c': 22.4, 'mintemp_f': 72.4, 'avgtemp_c': 24.0, 'avgtemp_f': 75.2, 'maxwind_mph': 7.4, 'maxwind_kph': 11.9, 'totalprecip_mm': 0.19, 'totalprecip_in': 0.01, 'totalsnow_cm': 0.0, 'avgvis_km': 10.0, 'avgvis_miles': 6.0, 'avghumidity': 78.0, 'daily_will_it_rain': 1, 'daily_chance_of_rain': 100, 'daily_will_it_snow': 0, 'daily_chance_of_snow': 0, 'condition': {'text': 'Patchy rain possible', 'icon': '//cdn.weatherapi.com/weather/64x64/day/176.png', 'code': 1063}, 'uv': 6.0}",26.2,22.4,24.0,11.9,0.19,10.0,78.0,1,100,0,0,Patchy rain possible,//cdn.weatherapi.com/weather/64x64/day/176.png,1063
6c0e34b1-c087-4adf-aaca-0c5925428b4e,Brazil,-13.6,2023-12-28 19:14,1703801668,-41.08,Porto Velho,"PORTO VELHO, RONDÔNIA, BRAZIL",Bahia,America/Bahia,2023-12-26,"{'maxtemp_c': 36.7, 'maxtemp_f': 98.1, 'mintemp_c': 20.3, 'mintemp_f': 68.5, 'avgtemp_c': 28.0, 'avgtemp_f': 82.5, 'maxwind_mph': 7.6, 'maxwind_kph': 12.2, 'totalprecip_mm': 0.0, 'totalprecip_in': 0.0, 'totalsnow_cm': 0.0, 'avgvis_km': 10.0, 'avgvis_miles': 6.0, 'avghumidity': 46.0, 'daily_will_it_rain': 0, 'daily_chance_of_rain': 0, 'daily_will_it_snow': 0, 'daily_chance_of_snow': 0, 'condition': {'text': 'Sunny', 'icon': '//cdn.weatherapi.com/weather/64x64/day/113.png', 'code': 1000}, 'uv': 9.0}",36.7,20.3,28.0,12.2,0.0,10.0,46.0,0,0,0,0,Sunny,//cdn.weatherapi.com/weather/64x64/day/113.png,1000
701be847-34d2-4e55-91b3-b41f86768002,Brazil,-8.05,2023-12-28 19:14,1703801664,-34.9,Recife,"RECIFE, PERNAMBUCO, BRAZIL",Pernambuco,America/Recife,2023-12-26,"{'maxtemp_c': 29.8, 'maxtemp_f': 85.6, 'mintemp_c': 25.6, 'mintemp_f': 78.1, 'avgtemp_c': 27.6, 'avgtemp_f': 81.6, 'maxwind_mph': 10.3, 'maxwind_kph': 16.6, 'totalprecip_mm': 2.42, 'totalprecip_in': 0.1, 'totalsnow_cm': 0.0, 'avgvis_km': 10.0, 'avgvis_miles': 6.0, 'avghumidity': 79.0, 'daily_will_it_rain': 1, 'daily_chance_of_rain': 100, 'daily_will_it_snow': 0, 'daily_chance_of_snow': 0, 'condition': {'text': 'Light rain shower', 'icon': '//cdn.weatherapi.com/weather/64x64/day/353.png', 'code': 1240}, 'uv': 6.0}",29.8,25.6,27.6,16.6,2.42,10.0,79.0,1,100,0,0,Light rain shower,//cdn.weatherapi.com/weather/64x64/day/353.png,1240
7487534f-b215-434e-a52b-7fdb10b04b42,Brazil,-5.78,2023-12-28 19:14,1703801672,-35.22,Natal,"NATAL, RIO GRANDE DO NORTE, BRAZIL",Rio Grande do Norte,America/Fortaleza,2023-12-27,"{'maxtemp_c': 30.7, 'maxtemp_f': 87.3, 'mintemp_c': 25.8, 'mintemp_f': 78.4, 'avgtemp_c': 27.9, 'avgtemp_f': 82.2, 'maxwind_mph': 10.5, 'maxwind_kph': 16.9, 'totalprecip_mm': 0.44, 'totalprecip_in': 0.02, 'totalsnow_cm': 0.0, 'avgvis_km': 10.0, 'avgvis_miles': 6.0, 'avghumidity': 73.0, 'daily_will_it_rain': 1, 'daily_chance_of_rain': 100, 'daily_will_it_snow': 0, 'daily_chance_of_snow': 0, 'condition': {'text': 'Patchy rain possible', 'icon': '//cdn.weatherapi.com/weather/64x64/day/176.png', 'code': 1063}, 'uv': 7.0}",30.7,25.8,27.9,16.9,0.44,10.0,73.0,1,100,0,0,Patchy rain possible,//cdn.weatherapi.com/weather/64x64/day/176.png,1063
754b28b2-507c-4f28-b3b4-14c767327c16,Brazil,-5.08,2023-12-28 19:14,1703801665,-42.82,Teresina,"TERESINA, PIAUI, BRAZIL",Piaui,America/Fortaleza,2023-12-26,"{'maxtemp_c': 39.6, 'maxtemp_f': 103.3, 'mintemp_c': 23.3, 'mintemp_f': 74.0, 'avgtemp_c': 28.6, 'avgtemp_f': 83.4, 'maxwind_mph': 13.0, 'maxwind_kph': 20.9, 'totalprecip_mm': 2.6, 'totalprecip_in': 0.1, 'totalsnow_cm': 0.0, 'avgvis_km': 9.6, 'avgvis_miles': 5.0, 'avghumidity': 66.0, 'daily_will_it_rain': 1, 'daily_chance_of_rain': 100, 'daily_will_it_snow': 0, 'daily_chance_of_snow': 0, 'condition': {'text': 'Patchy light rain', 'icon': '//cdn.weatherapi.com/weather/64x64/day/293.png', 'code': 1180}, 'uv': 8.0}",39.6,23.3,28.6,20.9,2.6,9.6,66.0,1,100,0,0,Patchy light rain,//cdn.weatherapi.com/weather/64x64/day/293.png,1180
768932c4-b386-4f6c-9b9b-da79643d8cdc,Brazil,-23.53,2023-12-28 19:14,1703801670,-46.62,Sao Paulo,"SAO PAULO, SAO PAULO, BRAZIL",Sao Paulo,America/Sao_Paulo,2023-12-26,"{'maxtemp_c': 32.7, 'maxtemp_f': 90.9, 'mintemp_c': 21.5, 'mintemp_f': 70.7, 'avgtemp_c': 25.9, 'avgtemp_f': 78.6, 'maxwind_mph': 12.1, 'maxwind_kph': 19.4, 'totalprecip_mm': 1.41, 'totalprecip_in': 0.06, 'totalsnow_cm': 0.0, 'avgvis_km': 9.8, 'avgvis_miles': 6.0, 'avghumidity': 66.0, 'daily_will_it_rain': 1, 'daily_chance_of_rain': 100, 'daily_will_it_snow': 0, 'daily_chance_of_snow': 0, 'condition': {'text': 'Light rain shower', 'icon': '//cdn.weatherapi.com/weather/64x64/day/353.png', 'code': 1240}, 'uv': 7.0}",32.7,21.5,25.9,19.4,1.41,9.8,66.0,1,100,0,0,Light rain shower,//cdn.weatherapi.com/weather/64x64/day/353.png,1240
78c1823c-81a2-4ec5-a66d-342128913f1b,Brazil,-7.12,2023-12-28 19:14,1703801658,-34.87,Joao Pessoa,"JOAO PESSOA, PARAIBA, BRAZIL",Paraiba,America/Fortaleza,2023-12-27,"{'maxtemp_c': 30.5, 'maxtemp_f': 86.9, 'mintemp_c': 25.7, 'mintemp_f': 78.3, 'avgtemp_c': 27.8, 'avgtemp_f': 82.1, 'maxwind_mph': 12.5, 'maxwind_kph': 20.2, 'totalprecip_mm': 0.53, 'totalprecip_in': 0.02, 'totalsnow_cm': 0.0, 'avgvis_km': 10.0, 'avgvis_miles': 6.0, 'avghumidity': 73.0, 'daily_will_it_rain': 1, 'daily_chance_of_rain': 100, 'daily_will_it_snow': 0, 'daily_chance_of_snow': 0, 'condition': {'text': 'Patchy rain possible', 'icon': '//cdn.weatherapi.com/weather/64x64/day/176.png', 'code': 1063}, 'uv': 7.0}",30.5,25.7,27.8,20.2,0.53,10.0,73.0,1,100,0,0,Patchy rain possible,//cdn.weatherapi.com/weather/64x64/day/176.png,1063
79f38909-9ddc-48d6-be98-f0e51d46047e,Brazil,-9.97,2023-12-28 17:14,1703801654,-67.8,Rio Branco,"RIO BRANCO, ACRE, BRAZIL",Acre,America/Rio_Branco,2023-12-26,"{'maxtemp_c': 36.4, 'maxtemp_f': 97.6, 'mintemp_c': 23.4, 'mintemp_f': 74.1, 'avgtemp_c': 27.1, 'avgtemp_f': 80.7, 'maxwind_mph': 7.2, 'maxwind_kph': 11.5, 'totalprecip_mm': 29.87, 'totalprecip_in': 1.18, 'totalsnow_cm': 0.0, 'avgvis_km': 7.2, 'avgvis_miles': 4.0, 'avghumidity': 79.0, 'daily_will_it_rain': 1, 'daily_chance_of_rain': 100, 'daily_will_it_snow': 0, 'daily_chance_of_snow': 0, 'condition': {'text': 'Moderate rain at times', 'icon': '//cdn.weatherapi.com/weather/64x64/day/299.png', 'code': 1186}, 'uv': 8.0}",36.4,23.4,27.1,11.5,29.87,7.2,79.0,1,100,0,0,Moderate rain at times,//cdn.weatherapi.com/weather/64x64/day/299.png,1186
7aa51b91-6749-46bf-968a-a5c441f587bb,Brazil,-10.22,2023-12-28 19:13,1703801635,-48.28,Palmas,"PALMAS, TOCANTINS, BRAZIL",Tocantins,America/Araguaina,2023-12-28,"{'maxtemp_c': 39.9, 'maxtemp_f': 103.8, 'mintemp_c': 23.5, 'mintemp_f': 74.3, 'avgtemp_c': 29.8, 'avgtemp_f': 85.6, 'maxwind_mph': 4.9, 'maxwind_kph': 7.9, 'totalprecip_mm': 0.99, 'totalprecip_in': 0.04, 'totalsnow_cm': 0.0, 'avgvis_km': 9.7, 'avgvis_miles': 6.0, 'avghumidity': 53.0, 'daily_will_it_rain': 1, 'daily_chance_of_rain': 100, 'daily_will_it_snow': 0, 'daily_chance_of_snow': 0, 'condition': {'text': 'Patchy light drizzle', 'icon': '//cdn.weatherapi.com/weather/64x64/day/263.png', 'code': 1150}, 'uv': 8.0}",39.9,23.5,29.8,7.9,0.99,9.7,53.0,1,100,0,0,Patchy light drizzle,//cdn.weatherapi.com/weather/64x64/day/263.png,1150
7aaab5fa-abbc-4aaf-b951-cb6eef1b2827,Brazil,-5.08,2023-12-28 19:13,1703801629,-42.82,Teresina,"TERESINA, PIAUI, BRAZIL",Piaui,America/Fortaleza,2023-12-28,"{'maxtemp_c': 37.2, 'maxtemp_f': 99.0, 'mintemp_c': 23.1, 'mintemp_f': 73.6, 'avgtemp_c': 28.4, 'avgtemp_f': 83.2, 'maxwind_mph': 6.7, 'maxwind_kph': 10.8, 'totalprecip_mm': 1.12, 'totalprecip_in': 0.04, 'totalsnow_cm': 0.0, 'avgvis_km': 7.9, 'avgvis_miles': 4.0, 'avghumidity': 70.0, 'daily_will_it_rain': 1, 'daily_chance_of_rain': 100, 'daily_will_it_snow': 0, 'daily_chance_of_snow': 0, 'condition': {'text': 'Light drizzle', 'icon': '//cdn.weatherapi.com/weather/64x64/day/266.png', 'code': 1153}, 'uv': 8.0}",37.2,23.1,28.4,10.8,1.12,7.9,70.0,1,100,0,0,Light drizzle,//cdn.weatherapi.com/weather/64x64/day/266.png,1153
7c196dfd-c36d-4412-a0df-930ddd78012a,Brazil,-2.52,2023-12-28 19:14,1703801659,-44.27,Sao Luis,"SAO LUIS, MARANHAO, BRAZIL",Maranhao,America/Fortaleza,2023-12-26,"{'maxtemp_c': 30.1, 'maxtemp_f': 86.2, 'mintemp_c': 27.0, 'mintemp_f': 80.7, 'avgtemp_c': 27.9, 'avgtemp_f': 82.2, 'maxwind_mph': 15.0, 'maxwind_kph': 24.1, 'totalprecip_mm': 3.28, 'totalprecip_in': 0.13, 'totalsnow_cm': 0.0, 'avgvis_km': 9.9, 'avgvis_miles': 6.0, 'avghumidity': 79.0, 'daily_will_it_rain': 1, 'daily_chance_of_rain': 100, 'daily_will_it_snow': 0, 'daily_chance_of_snow': 0, 'condition': {'text': 'Patchy light rain with thunder', 'icon': '//cdn.weatherapi.com/weather/64x64/day/386.png', 'code': 1273}, 'uv': 7.0}",30.1,27.0,27.9,24.1,3.28,9.9,79.0,1,100,0,0,Patchy light rain with thunder,//cdn.weatherapi.com/weather/64x64/day/386.png,1273
810f51d4-5774-4a50-a39f-b6702dbf1109,Brazil,-20.32,2023-12-28 19:14,1703801658,-40.35,Vitoria,"VITORIA, ESPIRITO SANTO, BRAZIL",Espirito Santo,America/Sao_Paulo,2023-12-26,"{'maxtemp_c': 33.8, 'maxtemp_f': 92.8, 'mintemp_c': 23.7, 'mintemp_f': 74.7, 'avgtemp_c': 27.7, 'avgtemp_f': 81.9, 'maxwind_mph': 14.3, 'maxwind_kph': 23.0, 'totalprecip_mm': 11.87, 'totalprecip_in': 0.47, 'totalsnow_cm': 0.0, 'avgvis_km': 9.5, 'avgvis_miles': 5.0, 'avghumidity': 78.0, 'daily_will_it_rain': 1, 'daily_chance_of_rain': 100, 'daily_will_it_snow': 0, 'daily_chance_of_snow': 0, 'condition': {'text': 'Moderate rain at times', 'icon': '//cdn.weatherapi.com/weather/64x64/day/299.png', 'code': 1186}, 'uv': 7.0}",33.8,23.7,27.7,23.0,11.87,9.5,78.0,1,100,0,0,Moderate rain at times,//cdn.weatherapi.com/weather/64x64/day/299.png,1186
869af012-5421-4cea-b473-5cc48070f7a1,Brazil,-8.05,2023-12-28 19:13,1703801629,-34.9,Recife,"RECIFE, PERNAMBUCO, BRAZIL",Pernambuco,America/Recife,2023-12-28,"{'maxtemp_c': 30.1, 'maxtemp_f': 86.1, 'mintemp_c': 25.5, 'mintemp_f': 77.9, 'avgtemp_c': 27.2, 'avgtemp_f': 80.9, 'maxwind_mph': 11.2, 'maxwind_kph': 18.0, 'totalprecip_mm': 0.36, 'totalprecip_in': 0.01, 'totalsnow_cm': 0.0, 'avgvis_km': 10.0, 'avgvis_miles': 6.0, 'avghumidity': 71.0, 'daily_will_it_rain': 1, 'daily_chance_of_rain': 100, 'daily_will_it_snow': 0, 'daily_chance_of_snow': 0, 'condition': {'text': 'Patchy rain possible', 'icon': '//cdn.weatherapi.com/weather/64x64/day/176.png', 'code': 1063}, 'uv': 7.0}",30.1,25.5,27.2,18.0,0.36,10.0,71.0,1,100,0,0,Patchy rain possible,//cdn.weatherapi.com/weather/64x64/day/176.png,1063
87fc11c7-6bf5-4a42-a0e9-127f6602b5d6,Brazil,-22.9,2023-12-28 19:14,1703801648,-43.23,Rio De Janeiro,"RIO DE JANEIRO, RIO DE JANEIRO, BRAZIL",Rio de Janeiro,America/Sao_Paulo,2023-12-27,"{'maxtemp_c': 26.1, 'maxtemp_f': 78.9, 'mintemp_c': 23.2, 'mintemp_f': 73.7, 'avgtemp_c': 24.4, 'avgtemp_f': 75.8, 'maxwind_mph': 8.1, 'maxwind_kph': 13.0, 'totalprecip_mm': 0.5, 'totalprecip_in': 0.02, 'totalsnow_cm': 0.0, 'avgvis_km': 10.0, 'avgvis_miles': 6.0, 'avghumidity': 75.0, 'daily_will_it_rain': 1, 'daily_chance_of_rain': 100, 'daily_will_it_snow': 0, 'daily_chance_of_snow': 0, 'condition': {'text': 'Patchy rain possible', 'icon': '//cdn.weatherapi.com/weather/64x64/day/176.png', 'code': 1063}, 'uv': 6.0}",26.1,23.2,24.4,13.0,0.5,10.0,75.0,1,100,0,0,Patchy rain possible,//cdn.weatherapi.com/weather/64x64/day/176.png,1063
8866d977-3ecc-46ce-9ff6-d6aa8e9c851d,Brazil,0.03,2023-12-28 19:13,1703801621,-51.05,Macapa,"MACAPA, AMAPA, BRAZIL",Amapa,America/Belem,2023-12-28,"{'maxtemp_c': 31.3, 'maxtemp_f': 88.3, 'mintemp_c': 24.7, 'mintemp_f': 76.5, 'avgtemp_c': 27.9, 'avgtemp_f': 82.2, 'maxwind_mph': 13.2, 'maxwind_kph': 21.2, 'totalprecip_mm': 11.45, 'totalprecip_in': 0.45, 'totalsnow_cm': 0.0, 'avgvis_km': 9.5, 'avgvis_miles': 5.0, 'avghumidity': 78.0, 'daily_will_it_rain': 1, 'daily_chance_of_rain': 100, 'daily_will_it_snow': 0, 'daily_chance_of_snow': 0, 'condition': {'text': 'Light rain shower', 'icon': '//cdn.weatherapi.com/weather/64x64/day/353.png', 'code': 1240}, 'uv': 7.0}",31.3,24.7,27.9,21.2,11.45,9.5,78.0,1,100,0,0,Light rain shower,//cdn.weatherapi.com/weather/64x64/day/353.png,1240
8c09b557-a1b9-4674-b890-32c579df36a4,Brazil,-30.03,2023-12-28 19:13,1703801631,-51.2,Porto Alegre,"PORTO ALEGRE, RIO GRANDE DO SUL, BRAZIL",Rio Grande do Sul,America/Sao_Paulo,2023-12-28,"{'maxtemp_c': 35.5, 'maxtemp_f': 95.9, 'mintemp_c': 17.5, 'mintemp_f': 63.5, 'avgtemp_c': 25.7, 'avgtemp_f': 78.3, 'maxwind_mph': 9.4, 'maxwind_kph': 15.1, 'totalprecip_mm': 0.52, 'totalprecip_in': 0.02, 'totalsnow_cm': 0.0, 'avgvis_km': 9.8, 'avgvis_miles': 6.0, 'avghumidity': 57.0, 'daily_will_it_rain': 1, 'daily_chance_of_rain': 100, 'daily_will_it_snow': 0, 'daily_chance_of_snow': 0, 'condition': {'text': 'Partly cloudy', 'icon': '//cdn.weatherapi.com/weather/64x64/day/116.png', 'code': 1003}, 'uv': 9.0}",35.5,17.5,25.7,15.1,0.52,9.8,57.0,1,100,0,0,Partly cloudy,//cdn.weatherapi.com/weather/64x64/day/116.png,1003
908931d9-0ba9-4bcb-862d-a379565c4dae,Brazil,-3.32,2023-12-28 19:14,1703801663,-41.42,Fortaleza,"FORTALEZA, CEARA, BRAZIL",Ceara,America/Fortaleza,2023-12-27,"{'maxtemp_c': 34.9, 'maxtemp_f': 94.8, 'mintemp_c': 23.1, 'mintemp_f': 73.6, 'avgtemp_c': 27.6, 'avgtemp_f': 81.7, 'maxwind_mph': 10.3, 'maxwind_kph': 16.6, 'totalprecip_mm': 0.59, 'totalprecip_in': 0.02, 'totalsnow_cm': 0.0, 'avgvis_km': 10.0, 'avgvis_miles': 6.0, 'avghumidity': 68.0, 'daily_will_it_rain': 1, 'daily_chance_of_rain': 100, 'daily_will_it_snow': 0, 'daily_chance_of_snow': 0, 'condition': {'text': 'Patchy rain possible', 'icon': '//cdn.weatherapi.com/weather/64x64/day/176.png', 'code': 1063}, 'uv': 7.0}",34.9,23.1,27.6,16.6,0.59,10.0,68.0,1,100,0,0,Patchy rain possible,//cdn.weatherapi.com/weather/64x64/day/176.png,1063
927466e3-58da-4544-82d0-25b8885bf620,Brazil,-15.58,2023-12-28 18:14,1703801660,-56.08,Cuiaba,"CUIABA, MATO GROSSO, BRAZIL",Mato Grosso,America/Cuiaba,2023-12-26,"{'maxtemp_c': 37.6, 'maxtemp_f': 99.6, 'mintemp_c': 23.3, 'mintemp_f': 73.9, 'avgtemp_c': 28.1, 'avgtemp_f': 82.6, 'maxwind_mph': 11.9, 'maxwind_kph': 19.1, 'totalprecip_mm': 5.48, 'totalprecip_in': 0.22, 'totalsnow_cm': 0.0, 'avgvis_km': 9.4, 'avgvis_miles': 5.0, 'avghumidity': 69.0, 'daily_will_it_rain': 1, 'daily_chance_of_rain': 100, 'daily_will_it_snow': 0, 'daily_chance_of_snow': 0, 'condition': {'text': 'Patchy light drizzle', 'icon': '//cdn.weatherapi.com/weather/64x64/day/263.png', 'code': 1150}, 'uv': 8.0}",37.6,23.3,28.1,19.1,5.48,9.4,69.0,1,100,0,0,Patchy light drizzle,//cdn.weatherapi.com/weather/64x64/day/263.png,1150
938efcbf-62bb-4934-a0d1-3edd08a18f89,Brazil,0.03,2023-12-28 19:14,1703801655,-51.05,Macapa,"MACAPA, AMAPA, BRAZIL",Amapa,America/Belem,2023-12-26,"{'maxtemp_c': 31.4, 'maxtemp_f': 88.6, 'mintemp_c': 24.9, 'mintemp_f': 76.8, 'avgtemp_c': 28.1, 'avgtemp_f': 82.6, 'maxwind_mph': 13.9, 'maxwind_kph': 22.3, 'totalprecip_mm': 0.03, 'totalprecip_in': 0.0, 'totalsnow_cm': 0.0, 'avgvis_km': 10.0, 'avgvis_miles': 6.0, 'avghumidity': 76.0, 'daily_will_it_rain': 0, 'daily_chance_of_rain': 45, 'daily_will_it_snow': 0, 'daily_chance_of_snow': 0, 'condition': {'text': 'Patchy rain possible', 'icon': '//cdn.weatherapi.com/weather/64x64/day/176.png', 'code': 1063}, 'uv': 7.0}",31.4,24.9,28.1,22.3,0.03,10.0,76.0,0,45,0,0,Patchy rain possible,//cdn.weatherapi.com/weather/64x64/day/176.png,1063
9a0c4f52-8949-4ccb-8c56-55987daa879e,Brazil,-22.9,2023-12-28 19:14,1703801666,-43.23,Rio De Janeiro,"RIO DE JANEIRO, RIO DE JANEIRO, BRAZIL",Rio de Janeiro,America/Sao_Paulo,2023-12-26,"{'maxtemp_c': 30.8, 'maxtemp_f': 87.5, 'mintemp_c': 24.2, 'mintemp_f': 75.6, 'avgtemp_c': 27.2, 'avgtemp_f': 81.0, 'maxwind_mph': 13.4, 'maxwind_kph': 21.6, 'totalprecip_mm': 3.04, 'totalprecip_in': 0.12, 'totalsnow_cm': 0.0, 'avgvis_km': 10.0, 'avgvis_miles': 6.0, 'avghumidity': 76.0, 'daily_will_it_rain': 1, 'daily_chance_of_rain': 100, 'daily_will_it_snow': 0, 'daily_chance_of_snow': 0, 'condition': {'text': 'Light rain shower', 'icon': '//cdn.weatherapi.com/weather/64x64/day/353.png', 'code': 1240}, 'uv': 7.0}",30.8,24.2,27.2,21.6,3.04,10.0,76.0,1,100,0,0,Light rain shower,//cdn.weatherapi.com/weather/64x64/day/353.png,1240
9a56817a-aca1-46c8-80dc-e6179ea3aef9,Brazil,-30.03,2023-12-28 19:14,1703801667,-51.2,Porto Alegre,"PORTO ALEGRE, RIO GRANDE DO SUL, BRAZIL",Rio Grande do Sul,America/Sao_Paulo,2023-12-26,"{'maxtemp_c': 26.4, 'maxtemp_f': 79.5, 'mintemp_c': 17.6, 'mintemp_f': 63.7, 'avgtemp_c': 21.6, 'avgtemp_f': 70.9, 'maxwind_mph': 11.4, 'maxwind_kph': 18.4, 'totalprecip_mm': 0.01, 'totalprecip_in': 0.0, 'totalsnow_cm': 0.0, 'avgvis_km': 10.0, 'avgvis_miles': 6.0, 'avghumidity': 65.0, 'daily_will_it_rain': 0, 'daily_chance_of_rain': 45, 'daily_will_it_snow': 0, 'daily_chance_of_snow': 0, 'condition': {'text': 'Partly cloudy', 'icon': '//cdn.weatherapi.com/weather/64x64/day/116.png', 'code': 1003}, 'uv': 7.0}",26.4,17.6,21.6,18.4,0.01,10.0,65.0,0,45,0,0,Partly cloudy,//cdn.weatherapi.com/weather/64x64/day/116.png,1003
9b806bb3-d166-457a-adeb-7867338623e0,Brazil,-1.45,2023-12-28 19:14,1703801645,-48.48,Belem,"BELEM, PARA, BRAZIL",Para,America/Belem,2023-12-27,"{'maxtemp_c': 31.1, 'maxtemp_f': 88.0, 'mintemp_c': 24.3, 'mintemp_f': 75.7, 'avgtemp_c': 26.4, 'avgtemp_f': 79.6, 'maxwind_mph': 7.4, 'maxwind_kph': 11.9, 'totalprecip_mm': 6.14, 'totalprecip_in': 0.24, 'totalsnow_cm': 0.0, 'avgvis_km': 7.9, 'avgvis_miles': 4.0, 'avghumidity': 88.0, 'daily_will_it_rain': 1, 'daily_chance_of_rain': 100, 'daily_will_it_snow': 0, 'daily_chance_of_snow': 0, 'condition': {'text': 'Patchy light rain with thunder', 'icon': '//cdn.weatherapi.com/weather/64x64/day/386.png', 'code': 1273}, 'uv': 7.0}",31.1,24.3,26.4,11.9,6.14,7.9,88.0,1,100,0,0,Patchy light rain with thunder,//cdn.weatherapi.com/weather/64x64/day/386.png,1273
a58eb01a-46eb-48a1-a528-d211e45b11b1,Brazil,-10.92,2023-12-28 19:13,1703801635,-37.07,Aracaju,"ARACAJU, SERGIPE, BRAZIL",Sergipe,America/Maceio,2023-12-28,"{'maxtemp_c': 29.6, 'maxtemp_f': 85.3, 'mintemp_c': 25.9, 'mintemp_f': 78.7, 'avgtemp_c': 27.4, 'avgtemp_f': 81.4, 'maxwind_mph': 13.9, 'maxwind_kph': 22.3, 'totalprecip_mm': 0.21, 'totalprecip_in': 0.01, 'totalsnow_cm': 0.0, 'avgvis_km': 10.0, 'avgvis_miles': 6.0, 'avghumidity': 72.0, 'daily_will_it_rain': 1, 'daily_chance_of_rain': 100, 'daily_will_it_snow': 0, 'daily_chance_of_snow': 0, 'condition': {'text': 'Patchy rain possible', 'icon': '//cdn.weatherapi.com/weather/64x64/day/176.png', 'code': 1063}, 'uv': 6.0}",29.6,25.9,27.4,22.3,0.21,10.0,72.0,1,100,0,0,Patchy rain possible,//cdn.weatherapi.com/weather/64x64/day/176.png,1063
a6c668ac-5e36-4abd-9fdd-281be51fabec,Brazil,-10.22,2023-12-28 19:14,1703801670,-48.28,Palmas,"PALMAS, TOCANTINS, BRAZIL",Tocantins,America/Araguaina,2023-12-26,"{'maxtemp_c': 39.5, 'maxtemp_f': 103.1, 'mintemp_c': 24.4, 'mintemp_f': 76.0, 'avgtemp_c': 30.0, 'avgtemp_f': 86.0, 'maxwind_mph': 13.4, 'maxwind_kph': 21.6, 'totalprecip_mm': 0.1, 'totalprecip_in': 0.0, 'totalsnow_cm': 0.0, 'avgvis_km': 10.0, 'avgvis_miles': 6.0, 'avghumidity': 50.0, 'daily_will_it_rain': 1, 'daily_chance_of_rain': 100, 'daily_will_it_snow': 0, 'daily_chance_of_snow': 0, 'condition': {'text': 'Patchy rain possible', 'icon': '//cdn.weatherapi.com/weather/64x64/day/176.png', 'code': 1063}, 'uv': 8.0}",39.5,24.4,30.0,21.6,0.1,10.0,50.0,1,100,0,0,Patchy rain possible,//cdn.weatherapi.com/weather/64x64/day/176.png,1063
b5abd487-f516-412a-af39-60123ddefc65,Brazil,-7.12,2023-12-28 19:13,1703801628,-34.87,Joao Pessoa,"JOAO PESSOA, PARAIBA, BRAZIL",Paraiba,America/Fortaleza,2023-12-28,"{'maxtemp_c': 30.0, 'maxtemp_f': 86.0, 'mintemp_c': 25.3, 'mintemp_f': 77.6, 'avgtemp_c': 27.3, 'avgtemp_f': 81.2, 'maxwind_mph': 12.5, 'maxwind_kph': 20.2, 'totalprecip_mm': 0.44, 'totalprecip_in': 0.02, 'totalsnow_cm': 0.0, 'avgvis_km': 10.0, 'avgvis_miles': 6.0, 'avghumidity': 72.0, 'daily_will_it_rain': 1, 'daily_chance_of_rain': 100, 'daily_will_it_snow': 0, 'daily_chance_of_snow': 0, 'condition': {'text': 'Patchy rain possible', 'icon': '//cdn.weatherapi.com/weather/64x64/day/176.png', 'code': 1063}, 'uv': 6.0}",30.0,25.3,27.3,20.2,0.44,10.0,72.0,1,100,0,0,Patchy rain possible,//cdn.weatherapi.com/weather/64x64/day/176.png,1063
bc6974c8-cc9d-4388-8253-172450d1ab9e,Brazil,-20.45,2023-12-28 18:14,1703801649,-54.62,Campo Grande,"CAMPO GRANDE, MATO GROSSO DO SUL, BRAZIL",Mato Grosso do Sul,America/Campo_Grande,2023-12-28,"{'maxtemp_c': 37.7, 'maxtemp_f': 99.9, 'mintemp_c': 25.7, 'mintemp_f': 78.2, 'avgtemp_c': 31.5, 'avgtemp_f': 88.7, 'maxwind_mph': 9.8, 'maxwind_kph': 15.8, 'totalprecip_mm': 0.25, 'totalprecip_in': 0.01, 'totalsnow_cm': 0.0, 'avgvis_km': 9.8, 'avgvis_miles': 6.0, 'avghumidity': 45.0, 'daily_will_it_rain': 1, 'daily_chance_of_rain': 100, 'daily_will_it_snow': 0, 'daily_chance_of_snow': 0, 'condition': {'text': 'Patchy light drizzle', 'icon': '//cdn.weatherapi.com/weather/64x64/day/263.png', 'code': 1150}, 'uv': 8.0}",37.7,25.7,31.5,15.8,0.25,9.8,45.0,1,100,0,0,Patchy light drizzle,//cdn.weatherapi.com/weather/64x64/day/263.png,1150
c08f30f1-dce2-412e-b7da-46731ff9a9b7,Brazil,0.03,2023-12-28 19:13,1703801638,-51.05,Macapa,"MACAPA, AMAPA, BRAZIL",Amapa,America/Belem,2023-12-27,"{'maxtemp_c': 30.9, 'maxtemp_f': 87.7, 'mintemp_c': 25.7, 'mintemp_f': 78.2, 'avgtemp_c': 28.2, 'avgtemp_f': 82.8, 'maxwind_mph': 13.4, 'maxwind_kph': 21.6, 'totalprecip_mm': 0.27, 'totalprecip_in': 0.01, 'totalsnow_cm': 0.0, 'avgvis_km': 10.0, 'avgvis_miles': 6.0, 'avghumidity': 75.0, 'daily_will_it_rain': 1, 'daily_chance_of_rain': 100, 'daily_will_it_snow': 0, 'daily_chance_of_snow': 0, 'condition': {'text': 'Patchy rain possible', 'icon': '//cdn.weatherapi.com/weather/64x64/day/176.png', 'code': 1063}, 'uv': 7.0}",30.9,25.7,28.2,21.6,0.27,10.0,75.0,1,100,0,0,Patchy rain possible,//cdn.weatherapi.com/weather/64x64/day/176.png,1063
c364c9a2-b9aa-4233-a630-4cc6df82dcbf,Brazil,-15.93,2023-12-28 19:13,1703801623,-50.13,Goias,"GOIÂNIA, GOIAS, BRAZIL",Goias,America/Sao_Paulo,2023-12-28,"{'maxtemp_c': 37.6, 'maxtemp_f': 99.6, 'mintemp_c': 22.5, 'mintemp_f': 72.5, 'avgtemp_c': 28.1, 'avgtemp_f': 82.7, 'maxwind_mph': 8.7, 'maxwind_kph': 14.0, 'totalprecip_mm': 0.7, 'totalprecip_in': 0.03, 'totalsnow_cm': 0.0, 'avgvis_km': 9.8, 'avgvis_miles': 6.0, 'avghumidity': 59.0, 'daily_will_it_rain': 1, 'daily_chance_of_rain': 100, 'daily_will_it_snow': 0, 'daily_chance_of_snow': 0, 'condition': {'text': 'Patchy light drizzle', 'icon': '//cdn.weatherapi.com/weather/64x64/day/263.png', 'code': 1150}, 'uv': 8.0}",37.6,22.5,28.1,14.0,0.7,9.8,59.0,1,100,0,0,Patchy light drizzle,//cdn.weatherapi.com/weather/64x64/day/263.png,1150
c46bbc8d-17ba-4c6a-84a8-a0f558e1972e,Brazil,-25.42,2023-12-28 19:14,1703801663,-49.25,Curitiba,"CURITIBA, PARANA, BRAZIL",Parana,America/Sao_Paulo,2023-12-26,"{'maxtemp_c': 30.8, 'maxtemp_f': 87.5, 'mintemp_c': 17.2, 'mintemp_f': 62.9, 'avgtemp_c': 22.9, 'avgtemp_f': 73.3, 'maxwind_mph': 8.1, 'maxwind_kph': 13.0, 'totalprecip_mm': 0.07, 'totalprecip_in': 0.0, 'totalsnow_cm': 0.0, 'avgvis_km': 10.0, 'avgvis_miles': 6.0, 'avghumidity': 67.0, 'daily_will_it_rain': 0, 'daily_chance_of_rain': 45, 'daily_will_it_snow': 0, 'daily_chance_of_snow': 0, 'condition': {'text': 'Partly cloudy', 'icon': '//cdn.weatherapi.com/weather/64x64/day/116.png', 'code': 1003}, 'uv': 8.0}",30.8,17.2,22.9,13.0,0.07,10.0,67.0,0,45,0,0,Partly cloudy,//cdn.weatherapi.com/weather/64x64/day/116.png,1003
c531559b-0f6b-439f-91f3-218c5a9281f6,Brazil,-22.9,2023-12-28 19:13,1703801629,-43.23,Rio De Janeiro,"RIO DE JANEIRO, RIO DE JANEIRO, BRAZIL",Rio de Janeiro,America/Sao_Paulo,2023-12-28,"{'maxtemp_c': 28.5, 'maxtemp_f': 83.3, 'mintemp_c': 22.0, 'mintemp_f': 71.5, 'avgtemp_c': 25.3, 'avgtemp_f': 77.5, 'maxwind_mph': 11.6, 'maxwind_kph': 18.7, 'totalprecip_mm': 0.0, 'totalprecip_in': 0.0, 'totalsnow_cm': 0.0, 'avgvis_km': 10.0, 'avgvis_miles': 6.0, 'avghumidity': 70.0, 'daily_will_it_rain': 0, 'daily_chance_of_rain': 0, 'daily_will_it_snow': 0, 'daily_chance_of_snow': 0, 'condition': {'text': 'Partly cloudy', 'icon': '//cdn.weatherapi.com/weather/64x64/day/116.png', 'code': 1003}, 'uv': 7.0}",28.5,22.0,25.3,18.7,0.0,10.0,70.0,0,0,0,0,Partly cloudy,//cdn.weatherapi.com/weather/64x64/day/116.png,1003
c59fab4d-fb6f-4de0-b0ce-c940bbbc5900,Brazil,-2.52,2023-12-28 19:13,1703801624,-44.27,Sao Luis,"SAO LUIS, MARANHAO, BRAZIL",Maranhao,America/Fortaleza,2023-12-28,"{'maxtemp_c': 29.0, 'maxtemp_f': 84.2, 'mintemp_c': 26.1, 'mintemp_f': 78.9, 'avgtemp_c': 27.3, 'avgtemp_f': 81.1, 'maxwind_mph': 15.4, 'maxwind_kph': 24.8, 'totalprecip_mm': 14.73, 'totalprecip_in': 0.58, 'totalsnow_cm': 0.0, 'avgvis_km': 9.5, 'avgvis_miles': 5.0, 'avghumidity': 83.0, 'daily_will_it_rain': 1, 'daily_chance_of_rain': 100, 'daily_will_it_snow': 0, 'daily_chance_of_snow': 0, 'condition': {'text': 'Light rain shower', 'icon': '//cdn.weatherapi.com/weather/64x64/day/353.png', 'code': 1240}, 'uv': 6.0}",29.0,26.1,27.3,24.8,14.73,9.5,83.0,1,100,0,0,Light rain shower,//cdn.weatherapi.com/weather/64x64/day/353.png,1240
cc91003e-d287-4f26-bd90-f7c6c76b1a31,Brazil,-15.93,2023-12-28 19:14,1703801641,-50.13,Goias,"GOIÂNIA, GOIAS, BRAZIL",Goias,America/Sao_Paulo,2023-12-27,"{'maxtemp_c': 37.8, 'maxtemp_f': 100.0, 'mintemp_c': 20.5, 'mintemp_f': 68.8, 'avgtemp_c': 27.0, 'avgtemp_f': 80.6, 'maxwind_mph': 5.1, 'maxwind_kph': 8.3, 'totalprecip_mm': 1.86, 'totalprecip_in': 0.07, 'totalsnow_cm': 0.0, 'avgvis_km': 9.9, 'avgvis_miles': 6.0, 'avghumidity': 62.0, 'daily_will_it_rain': 1, 'daily_chance_of_rain': 100, 'daily_will_it_snow': 0, 'daily_chance_of_snow': 0, 'condition': {'text': 'Patchy rain possible', 'icon': '//cdn.weatherapi.com/weather/64x64/day/176.png', 'code': 1063}, 'uv': 8.0}",37.8,20.5,27.0,8.3,1.86,9.9,62.0,1,100,0,0,Patchy rain possible,//cdn.weatherapi.com/weather/64x64/day/176.png,1063
d75ac376-51ca-4d72-954d-0bebe4b5e99b,Brazil,-8.05,2023-12-28 19:14,1703801646,-34.9,Recife,"RECIFE, PERNAMBUCO, BRAZIL",Pernambuco,America/Recife,2023-12-27,"{'maxtemp_c': 30.9, 'maxtemp_f': 87.6, 'mintemp_c': 25.6, 'mintemp_f': 78.1, 'avgtemp_c': 27.9, 'avgtemp_f': 82.3, 'maxwind_mph': 11.4, 'maxwind_kph': 18.4, 'totalprecip_mm': 0.38, 'totalprecip_in': 0.02, 'totalsnow_cm': 0.0, 'avgvis_km': 10.0, 'avgvis_miles': 6.0, 'avghumidity': 71.0, 'daily_will_it_rain': 1, 'daily_chance_of_rain': 100, 'daily_will_it_snow': 0, 'daily_chance_of_snow': 0, 'condition': {'text': 'Patchy rain possible', 'icon': '//cdn.weatherapi.com/weather/64x64/day/176.png', 'code': 1063}, 'uv': 7.0}",30.9,25.6,27.9,18.4,0.38,10.0,71.0,1,100,0,0,Patchy rain possible,//cdn.weatherapi.com/weather/64x64/day/176.png,1063
d9651e94-af71-447f-b645-ad07072aa95b,Brazil,-20.45,2023-12-28 18:14,1703801643,-54.62,Campo Grande,"CAMPO GRANDE, MATO GROSSO DO SUL, BRAZIL",Mato Grosso do Sul,America/Campo_Grande,2023-12-27,"{'maxtemp_c': 37.6, 'maxtemp_f': 99.7, 'mintemp_c': 22.1, 'mintemp_f': 71.9, 'avgtemp_c': 27.5, 'avgtemp_f': 81.5, 'maxwind_mph': 15.7, 'maxwind_kph': 25.2, 'totalprecip_mm': 4.12, 'totalprecip_in': 0.16, 'totalsnow_cm': 0.0, 'avgvis_km': 9.3, 'avgvis_miles': 5.0, 'avghumidity': 67.0, 'daily_will_it_rain': 1, 'daily_chance_of_rain': 100, 'daily_will_it_snow': 0, 'daily_chance_of_snow': 0, 'condition': {'text': 'Patchy light drizzle', 'icon': '//cdn.weatherapi.com/weather/64x64/day/263.png', 'code': 1150}, 'uv': 8.0}",37.6,22.1,27.5,25.2,4.12,9.3,67.0,1,100,0,0,Patchy light drizzle,//cdn.weatherapi.com/weather/64x64/day/263.png,1150
e52ba419-fd1e-4fb6-844c-90492a46b99a,Brazil,-25.42,2023-12-28 19:13,1703801628,-49.25,Curitiba,"CURITIBA, PARANA, BRAZIL",Parana,America/Sao_Paulo,2023-12-28,"{'maxtemp_c': 32.0, 'maxtemp_f': 89.5, 'mintemp_c': 15.9, 'mintemp_f': 60.7, 'avgtemp_c': 22.3, 'avgtemp_f': 72.2, 'maxwind_mph': 6.3, 'maxwind_kph': 10.1, 'totalprecip_mm': 0.01, 'totalprecip_in': 0.0, 'totalsnow_cm': 0.0, 'avgvis_km': 10.0, 'avgvis_miles': 6.0, 'avghumidity': 64.0, 'daily_will_it_rain': 0, 'daily_chance_of_rain': 45, 'daily_will_it_snow': 0, 'daily_chance_of_snow': 0, 'condition': {'text': 'Cloudy', 'icon': '//cdn.weatherapi.com/weather/64x64/day/119.png', 'code': 1006}, 'uv': 7.0}",32.0,15.9,22.3,10.1,0.01,10.0,64.0,0,45,0,0,Cloudy,//cdn.weatherapi.com/weather/64x64/day/119.png,1006
e7ac1b3b-c3c7-4bb0-b3dd-4430281f8527,Brazil,-23.53,2023-12-28 19:14,1703801652,-46.62,Sao Paulo,"SAO PAULO, SAO PAULO, BRAZIL",Sao Paulo,America/Sao_Paulo,2023-12-27,"{'maxtemp_c': 25.6, 'maxtemp_f': 78.1, 'mintemp_c': 18.8, 'mintemp_f': 65.8, 'avgtemp_c': 21.6, 'avgtemp_f': 70.8, 'maxwind_mph': 13.0, 'maxwind_kph': 20.9, 'totalprecip_mm': 0.18, 'totalprecip_in': 0.01, 'totalsnow_cm': 0.0, 'avgvis_km': 10.0, 'avgvis_miles': 6.0, 'avghumidity': 74.0, 'daily_will_it_rain': 1, 'daily_chance_of_rain': 100, 'daily_will_it_snow': 0, 'daily_chance_of_snow': 0, 'condition': {'text': 'Patchy rain possible', 'icon': '//cdn.weatherapi.com/weather/64x64/day/176.png', 'code': 1063}, 'uv': 6.0}",25.6,18.8,21.6,20.9,0.18,10.0,74.0,1,100,0,0,Patchy rain possible,//cdn.weatherapi.com/weather/64x64/day/176.png,1063
e8885245-2f7f-4e65-b2e6-b40aa6e3dba7,Brazil,-15.93,2023-12-28 19:14,1703801659,-50.13,Goias,"GOIÂNIA, GOIAS, BRAZIL",Goias,America/Sao_Paulo,2023-12-26,"{'maxtemp_c': 37.0, 'maxtemp_f': 98.7, 'mintemp_c': 20.1, 'mintemp_f': 68.1, 'avgtemp_c': 26.9, 'avgtemp_f': 80.4, 'maxwind_mph': 10.1, 'maxwind_kph': 16.2, 'totalprecip_mm': 1.54, 'totalprecip_in': 0.06, 'totalsnow_cm': 0.0, 'avgvis_km': 9.8, 'avgvis_miles': 6.0, 'avghumidity': 64.0, 'daily_will_it_rain': 1, 'daily_chance_of_rain': 100, 'daily_will_it_snow': 0, 'daily_chance_of_snow': 0, 'condition': {'text': 'Patchy light drizzle', 'icon': '//cdn.weatherapi.com/weather/64x64/day/263.png', 'code': 1150}, 'uv': 8.0}",37.0,20.1,26.9,16.2,1.54,9.8,64.0,1,100,0,0,Patchy light drizzle,//cdn.weatherapi.com/weather/64x64/day/263.png,1150
f2a02d5d-3127-458b-9371-98ab315615ef,Brazil,-12.98,2023-12-28 19:13,1703801622,-38.52,Salvador,"SALVADOR, BAHIA, BRAZIL",Bahia,America/Bahia,2023-12-28,"{'maxtemp_c': 28.0, 'maxtemp_f': 82.3, 'mintemp_c': 26.2, 'mintemp_f': 79.2, 'avgtemp_c': 27.1, 'avgtemp_f': 80.8, 'maxwind_mph': 16.8, 'maxwind_kph': 27.0, 'totalprecip_mm': 0.95, 'totalprecip_in': 0.04, 'totalsnow_cm': 0.0, 'avgvis_km': 10.0, 'avgvis_miles': 6.0, 'avghumidity': 75.0, 'daily_will_it_rain': 1, 'daily_chance_of_rain': 100, 'daily_will_it_snow': 0, 'daily_chance_of_snow': 0, 'condition': {'text': 'Patchy rain possible', 'icon': '//cdn.weatherapi.com/weather/64x64/day/176.png', 'code': 1063}, 'uv': 6.0}",28.0,26.2,27.1,27.0,0.95,10.0,75.0,1,100,0,0,Patchy rain possible,//cdn.weatherapi.com/weather/64x64/day/176.png,1063
f39ed2b3-ab80-445e-b2c3-5c8dee53b550,Brazil,-5.08,2023-12-28 19:14,1703801647,-42.82,Teresina,"TERESINA, PIAUI, BRAZIL",Piaui,America/Fortaleza,2023-12-27,"{'maxtemp_c': 37.5, 'maxtemp_f': 99.5, 'mintemp_c': 22.7, 'mintemp_f': 72.9, 'avgtemp_c': 27.4, 'avgtemp_f': 81.2, 'maxwind_mph': 12.3, 'maxwind_kph': 19.8, 'totalprecip_mm': 7.43, 'totalprecip_in': 0.29, 'totalsnow_cm': 0.0, 'avgvis_km': 8.1, 'avgvis_miles': 5.0, 'avghumidity': 76.0, 'daily_will_it_rain': 1, 'daily_chance_of_rain': 100, 'daily_will_it_snow': 0, 'daily_chance_of_snow': 0, 'condition': {'text': 'Moderate rain at times', 'icon': '//cdn.weatherapi.com/weather/64x64/day/299.png', 'code': 1186}, 'uv': 8.0}",37.5,22.7,27.4,19.8,7.43,8.1,76.0,1,100,0,0,Moderate rain at times,//cdn.weatherapi.com/weather/64x64/day/299.png,1186
f67b4720-bf85-4f04-80f7-a5948f26ccb2,Brazil,-27.58,2023-12-28 19:14,1703801651,-48.57,Florianopolis,"FLORIANOPOLIS, SANTA CATARINA, BRAZIL",Santa Catarina,America/Sao_Paulo,2023-12-27,"{'maxtemp_c': 25.1, 'maxtemp_f': 77.2, 'mintemp_c': 17.8, 'mintemp_f': 64.1, 'avgtemp_c': 21.6, 'avgtemp_f': 70.9, 'maxwind_mph': 9.6, 'maxwind_kph': 15.5, 'totalprecip_mm': 0.17, 'totalprecip_in': 0.01, 'totalsnow_cm': 0.0, 'avgvis_km': 10.0, 'avgvis_miles': 6.0, 'avghumidity': 69.0, 'daily_will_it_rain': 1, 'daily_chance_of_rain': 100, 'daily_will_it_snow': 0, 'daily_chance_of_snow': 0, 'condition': {'text': 'Partly cloudy', 'icon': '//cdn.weatherapi.com/weather/64x64/day/116.png', 'code': 1003}, 'uv': 7.0}",25.1,17.8,21.6,15.5,0.17,10.0,69.0,1,100,0,0,Partly cloudy,//cdn.weatherapi.com/weather/64x64/day/116.png,1003
f972a324-5c38-4c5d-bfaf-2f976db09f70,Brazil,-3.32,2023-12-28 19:13,1703801622,-41.42,Fortaleza,"FORTALEZA, CEARA, BRAZIL",Ceara,America/Fortaleza,2023-12-28,"{'maxtemp_c': 32.7, 'maxtemp_f': 90.9, 'mintemp_c': 22.7, 'mintemp_f': 72.8, 'avgtemp_c': 26.6, 'avgtemp_f': 79.9, 'maxwind_mph': 9.2, 'maxwind_kph': 14.8, 'totalprecip_mm': 0.52, 'totalprecip_in': 0.02, 'totalsnow_cm': 0.0, 'avgvis_km': 10.0, 'avgvis_miles': 6.0, 'avghumidity': 71.0, 'daily_will_it_rain': 1, 'daily_chance_of_rain': 100, 'daily_will_it_snow': 0, 'daily_chance_of_snow': 0, 'condition': {'text': 'Patchy rain possible', 'icon': '//cdn.weatherapi.com/weather/64x64/day/176.png', 'code': 1063}, 'uv': 7.0}",32.7,22.7,26.6,14.8,0.52,10.0,71.0,1,100,0,0,Patchy rain possible,//cdn.weatherapi.com/weather/64x64/day/176.png,1063
f9f37e99-3b29-4138-a0b0-1fb1d003f0f1,Brazil,2.82,2023-12-28 18:14,1703801668,-60.67,Boa Vista,"BOA VISTA, RORAIMA, BRAZIL",Roraima,America/Boa_Vista,2023-12-26,"{'maxtemp_c': 34.0, 'maxtemp_f': 93.2, 'mintemp_c': 25.4, 'mintemp_f': 77.6, 'avgtemp_c': 28.9, 'avgtemp_f': 84.1, 'maxwind_mph': 8.9, 'maxwind_kph': 14.4, 'totalprecip_mm': 1.39, 'totalprecip_in': 0.05, 'totalsnow_cm': 0.0, 'avgvis_km': 9.9, 'avgvis_miles': 6.0, 'avghumidity': 65.0, 'daily_will_it_rain': 1, 'daily_chance_of_rain': 100, 'daily_will_it_snow': 0, 'daily_chance_of_snow': 0, 'condition': {'text': 'Patchy rain possible', 'icon': '//cdn.weatherapi.com/weather/64x64/day/176.png', 'code': 1063}, 'uv': 7.0}",34.0,25.4,28.9,14.4,1.39,9.9,65.0,1,100,0,0,Patchy rain possible,//cdn.weatherapi.com/weather/64x64/day/176.png,1063
fdf9eb04-9328-4e2d-863c-cf97b3de6e27,Brazil,-9.97,2023-12-28 17:13,1703801620,-67.8,Rio Branco,"RIO BRANCO, ACRE, BRAZIL",Acre,America/Rio_Branco,2023-12-28,"{'maxtemp_c': 36.7, 'maxtemp_f': 98.0, 'mintemp_c': 22.4, 'mintemp_f': 72.3, 'avgtemp_c': 28.2, 'avgtemp_f': 82.8, 'maxwind_mph': 5.4, 'maxwind_kph': 8.6, 'totalprecip_mm': 0.36, 'totalprecip_in': 0.01, 'totalsnow_cm': 0.0, 'avgvis_km': 8.2, 'avgvis_miles': 5.0, 'avghumidity': 71.0, 'daily_will_it_rain': 1, 'daily_chance_of_rain': 100, 'daily_will_it_snow': 0, 'daily_chance_of_snow': 0, 'condition': {'text': 'Patchy rain possible', 'icon': '//cdn.weatherapi.com/weather/64x64/day/176.png', 'code': 1063}, 'uv': 8.0}",36.7,22.4,28.2,8.6,0.36,8.2,71.0,1,100,0,0,Patchy rain possible,//cdn.weatherapi.com/weather/64x64/day/176.png,1063
fe4aa1b3-30e1-4394-98df-82098d55eaed,Brazil,-10.92,2023-12-28 19:14,1703801670,-37.07,Aracaju,"ARACAJU, SERGIPE, BRAZIL",Sergipe,America/Maceio,2023-12-26,"{'maxtemp_c': 29.8, 'maxtemp_f': 85.6, 'mintemp_c': 25.5, 'mintemp_f': 77.9, 'avgtemp_c': 27.3, 'avgtemp_f': 81.2, 'maxwind_mph': 11.6, 'maxwind_kph': 18.7, 'totalprecip_mm': 0.24, 'totalprecip_in': 0.01, 'totalsnow_cm': 0.0, 'avgvis_km': 10.0, 'avgvis_miles': 6.0, 'avghumidity': 78.0, 'daily_will_it_rain': 1, 'daily_chance_of_rain': 100, 'daily_will_it_snow': 0, 'daily_chance_of_snow': 0, 'condition': {'text': 'Patchy rain possible', 'icon': '//cdn.weatherapi.com/weather/64x64/day/176.png', 'code': 1063}, 'uv': 6.0}",29.8,25.5,27.3,18.7,0.24,10.0,78.0,1,100,0,0,Patchy rain possible,//cdn.weatherapi.com/weather/64x64/day/176.png,1063
